,channel_num,first_channel,second_channel,source_type,series_id,platform_id,removed,used_data,paired,stranded,bg_available,used_value,value_valid,pmid,author,date
ERX1043600,NA,NA,NA,SEQUENCING,ERP001508,Illumina Genome Analyzer II,FALSE,SEQUENCING,NA,NA,NA,NA,TRUE,,,01/01/1900
ERX1043601,NA,NA,NA,SEQUENCING,ERP001508,Illumina Genome Analyzer II,FALSE,SEQUENCING,NA,NA,NA,NA,TRUE,,,01/01/1900
ERX1043602,NA,NA,NA,SEQUENCING,ERP001508,Illumina Genome Analyzer II,FALSE,SEQUENCING,NA,NA,NA,NA,TRUE,,,01/01/1900
ERX1043603,NA,NA,NA,SEQUENCING,ERP001508,Illumina HiSeq 2000,FALSE,SEQUENCING,NA,NA,NA,NA,TRUE,,,01/01/1900
ERX1045658,NA,NA,NA,SEQUENCING,ERP011094,Illumina HiSeq 2000,FALSE,SEQUENCING,NA,NA,NA,NA,TRUE,,,01/01/1900
ERX1045659,NA,NA,NA,SEQUENCING,ERP011094,Illumina HiSeq 2000,FALSE,SEQUENCING,NA,NA,NA,NA,TRUE,,,01/01/1900
ERX1045660,NA,NA,NA,SEQUENCING,ERP011094,Illumina HiSeq 2000,FALSE,SEQUENCING,NA,NA,NA,NA,TRUE,,,01/01/1900
ERX1045661,NA,NA,NA,SEQUENCING,ERP011094,Illumina HiSeq 2000,FALSE,SEQUENCING,NA,NA,NA,NA,TRUE,,,01/01/1900
ERX1045662,NA,NA,NA,SEQUENCING,ERP011094,Illumina HiSeq 2000,FALSE,SEQUENCING,NA,NA,NA,NA,TRUE,,,01/01/1900
ERX1045663,NA,NA,NA,SEQUENCING,ERP011094,Illumina HiSeq 2000,FALSE,SEQUENCING,NA,NA,NA,NA,TRUE,,,01/01/1900
ERX1045664,NA,NA,NA,SEQUENCING,ERP011094,Illumina HiSeq 2000,FALSE,SEQUENCING,NA,NA,NA,NA,TRUE,,,01/01/1900
ERX1045665,NA,NA,NA,SEQUENCING,ERP011094,Illumina HiSeq 2000,FALSE,SEQUENCING,NA,NA,NA,NA,TRUE,,,01/01/1900
ERX1045666,NA,NA,NA,SEQUENCING,ERP011094,Illumina HiSeq 2000,FALSE,SEQUENCING,NA,NA,NA,NA,TRUE,,,01/01/1900
ERX1045667,NA,NA,NA,SEQUENCING,ERP011094,Illumina HiSeq 2000,FALSE,SEQUENCING,NA,NA,NA,NA,TRUE,,,01/01/1900
ERX1045668,NA,NA,NA,SEQUENCING,ERP011094,Illumina HiSeq 2000,FALSE,SEQUENCING,NA,NA,NA,NA,TRUE,,,01/01/1900
ERX1045669,NA,NA,NA,SEQUENCING,ERP011094,Illumina HiSeq 2000,FALSE,SEQUENCING,NA,NA,NA,NA,TRUE,,,01/01/1900
ERX1045670,NA,NA,NA,SEQUENCING,ERP011094,Illumina HiSeq 2000,FALSE,SEQUENCING,NA,NA,NA,NA,TRUE,,,01/01/1900
ERX1045671,NA,NA,NA,SEQUENCING,ERP011094,Illumina HiSeq 2000,FALSE,SEQUENCING,NA,NA,NA,NA,TRUE,,,01/01/1900
ERX1045672,NA,NA,NA,SEQUENCING,ERP011094,Illumina HiSeq 2000,FALSE,SEQUENCING,NA,NA,NA,NA,TRUE,,,01/01/1900
ERX1045673,NA,NA,NA,SEQUENCING,ERP011094,Illumina HiSeq 2000,FALSE,SEQUENCING,NA,NA,NA,NA,TRUE,,,01/01/1900
ERX1045674,NA,NA,NA,SEQUENCING,ERP011094,Illumina HiSeq 2000,FALSE,SEQUENCING,NA,NA,NA,NA,TRUE,,,01/01/1900
ERX1045675,NA,NA,NA,SEQUENCING,ERP011094,Illumina HiSeq 2000,FALSE,SEQUENCING,NA,NA,NA,NA,TRUE,,,01/01/1900
ERX1045676,NA,NA,NA,SEQUENCING,ERP011094,Illumina HiSeq 2000,FALSE,SEQUENCING,NA,NA,NA,NA,TRUE,,,01/01/1900
ERX1045677,NA,NA,NA,SEQUENCING,ERP011094,Illumina HiSeq 2000,FALSE,SEQUENCING,NA,NA,NA,NA,TRUE,,,01/01/1900
ERX1045678,NA,NA,NA,SEQUENCING,ERP011094,Illumina HiSeq 2000,FALSE,SEQUENCING,NA,NA,NA,NA,TRUE,,,01/01/1900
ERX1045679,NA,NA,NA,SEQUENCING,ERP011094,Illumina HiSeq 2000,FALSE,SEQUENCING,NA,NA,NA,NA,TRUE,,,01/01/1900
ERX1045680,NA,NA,NA,SEQUENCING,ERP011094,Illumina HiSeq 2000,FALSE,SEQUENCING,NA,NA,NA,NA,TRUE,,,01/01/1900
ERX1045681,NA,NA,NA,SEQUENCING,ERP011094,Illumina HiSeq 2000,FALSE,SEQUENCING,NA,NA,NA,NA,TRUE,,,01/01/1900
ERX1045682,NA,NA,NA,SEQUENCING,ERP011094,Illumina HiSeq 2000,FALSE,SEQUENCING,NA,NA,NA,NA,TRUE,,,01/01/1900
ERX1045683,NA,NA,NA,SEQUENCING,ERP011094,Illumina HiSeq 2000,FALSE,SEQUENCING,NA,NA,NA,NA,TRUE,,,01/01/1900
ERX1045684,NA,NA,NA,SEQUENCING,ERP011094,Illumina HiSeq 2000,FALSE,SEQUENCING,NA,NA,NA,NA,TRUE,,,01/01/1900
ERX1045685,NA,NA,NA,SEQUENCING,ERP011094,Illumina HiSeq 2000,FALSE,SEQUENCING,NA,NA,NA,NA,TRUE,,,01/01/1900
ERX1045686,NA,NA,NA,SEQUENCING,ERP011094,Illumina HiSeq 2000,FALSE,SEQUENCING,NA,NA,NA,NA,TRUE,,,01/01/1900
ERX1045687,NA,NA,NA,SEQUENCING,ERP011094,Illumina HiSeq 2000,FALSE,SEQUENCING,NA,NA,NA,NA,TRUE,,,01/01/1900
ERX1045688,NA,NA,NA,SEQUENCING,ERP011094,Illumina HiSeq 2000,FALSE,SEQUENCING,NA,NA,NA,NA,TRUE,,,01/01/1900
ERX1045689,NA,NA,NA,SEQUENCING,ERP011094,Illumina HiSeq 2000,FALSE,SEQUENCING,NA,NA,NA,NA,TRUE,,,01/01/1900
ERX1409468,NA,NA,NA,SEQUENCING,ERP014698,Illumina HiSeq 1500,FALSE,SEQUENCING,NA,NA,NA,NA,TRUE,,,01/01/1900
ERX1409469,NA,NA,NA,SEQUENCING,ERP014698,Illumina HiSeq 1500,FALSE,SEQUENCING,NA,NA,NA,NA,TRUE,,,01/01/1900
ERX1409470,NA,NA,NA,SEQUENCING,ERP014698,Illumina HiSeq 1500,FALSE,SEQUENCING,NA,NA,NA,NA,TRUE,,,01/01/1900
ERX1409471,NA,NA,NA,SEQUENCING,ERP014698,Illumina HiSeq 1500,FALSE,SEQUENCING,NA,NA,NA,NA,TRUE,,,01/01/1900
ERX1409472,NA,NA,NA,SEQUENCING,ERP014698,Illumina HiSeq 1500,FALSE,SEQUENCING,NA,NA,NA,NA,TRUE,,,01/01/1900
ERX1409473,NA,NA,NA,SEQUENCING,ERP014698,Illumina HiSeq 1500,FALSE,SEQUENCING,NA,NA,NA,NA,TRUE,,,01/01/1900
ERX1409474,NA,NA,NA,SEQUENCING,ERP014698,Illumina HiSeq 1500,FALSE,SEQUENCING,NA,NA,NA,NA,TRUE,,,01/01/1900
ERX1409475,NA,NA,NA,SEQUENCING,ERP014698,Illumina HiSeq 1500,FALSE,SEQUENCING,NA,NA,NA,NA,TRUE,,,01/01/1900
ERX1409476,NA,NA,NA,SEQUENCING,ERP014698,Illumina HiSeq 1500,FALSE,SEQUENCING,NA,NA,NA,NA,TRUE,,,01/01/1900
ERX1409477,NA,NA,NA,SEQUENCING,ERP014698,Illumina HiSeq 1500,FALSE,SEQUENCING,NA,NA,NA,NA,TRUE,,,01/01/1900
ERX1409478,NA,NA,NA,SEQUENCING,ERP014698,Illumina HiSeq 1500,FALSE,SEQUENCING,NA,NA,NA,NA,TRUE,,,01/01/1900
ERX1409479,NA,NA,NA,SEQUENCING,ERP014698,Illumina HiSeq 1500,FALSE,SEQUENCING,NA,NA,NA,NA,TRUE,,,01/01/1900
ERX1409480,NA,NA,NA,SEQUENCING,ERP014698,Illumina HiSeq 1500,FALSE,SEQUENCING,NA,NA,NA,NA,TRUE,,,01/01/1900
ERX1409481,NA,NA,NA,SEQUENCING,ERP014698,Illumina HiSeq 1500,FALSE,SEQUENCING,NA,NA,NA,NA,TRUE,,,01/01/1900
ERX1409482,NA,NA,NA,SEQUENCING,ERP014698,Illumina HiSeq 1500,FALSE,SEQUENCING,NA,NA,NA,NA,TRUE,,,01/01/1900
ERX1409483,NA,NA,NA,SEQUENCING,ERP014698,Illumina HiSeq 1500,FALSE,SEQUENCING,NA,NA,NA,NA,TRUE,,,01/01/1900
ERX1409484,NA,NA,NA,SEQUENCING,ERP014698,Illumina HiSeq 1500,FALSE,SEQUENCING,NA,NA,NA,NA,TRUE,,,01/01/1900
ERX1409485,NA,NA,NA,SEQUENCING,ERP014698,Illumina HiSeq 1500,FALSE,SEQUENCING,NA,NA,NA,NA,TRUE,,,01/01/1900
ERX1776942,NA,NA,NA,SEQUENCING,ERP017996,Illumina Genome Analyzer II,FALSE,SEQUENCING,NA,NA,NA,NA,TRUE,,,01/01/1900
ERX1776948,NA,NA,NA,SEQUENCING,ERP017996,Illumina Genome Analyzer II,FALSE,SEQUENCING,NA,NA,NA,NA,TRUE,,,01/01/1900
ERX1776969,NA,NA,NA,SEQUENCING,ERP017996,Illumina Genome Analyzer II,FALSE,SEQUENCING,NA,NA,NA,NA,TRUE,,,01/01/1900
ERX1776970,NA,NA,NA,SEQUENCING,ERP017996,Illumina Genome Analyzer II,FALSE,SEQUENCING,NA,NA,NA,NA,TRUE,,,01/01/1900
ERX1776973,NA,NA,NA,SEQUENCING,ERP017996,Illumina Genome Analyzer II,FALSE,SEQUENCING,NA,NA,NA,NA,TRUE,,,01/01/1900
ERX1776974,NA,NA,NA,SEQUENCING,ERP017996,Illumina Genome Analyzer II,FALSE,SEQUENCING,NA,NA,NA,NA,TRUE,,,01/01/1900
ERX1776975,NA,NA,NA,SEQUENCING,ERP017996,Illumina Genome Analyzer II,FALSE,SEQUENCING,NA,NA,NA,NA,TRUE,,,01/01/1900
ERX1776976,NA,NA,NA,SEQUENCING,ERP017996,Illumina Genome Analyzer II,FALSE,SEQUENCING,NA,NA,NA,NA,TRUE,,,01/01/1900
ERX1776979,NA,NA,NA,SEQUENCING,ERP017996,Illumina Genome Analyzer II,FALSE,SEQUENCING,NA,NA,NA,NA,TRUE,,,01/01/1900
ERX1776980,NA,NA,NA,SEQUENCING,ERP017996,Illumina Genome Analyzer II,FALSE,SEQUENCING,NA,NA,NA,NA,TRUE,,,01/01/1900
ERX1776981,NA,NA,NA,SEQUENCING,ERP017996,Illumina Genome Analyzer II,FALSE,SEQUENCING,NA,NA,NA,NA,TRUE,,,01/01/1900
ERX1776988,NA,NA,NA,SEQUENCING,ERP017996,Illumina Genome Analyzer II,FALSE,SEQUENCING,NA,NA,NA,NA,TRUE,,,01/01/1900
ERX1776989,NA,NA,NA,SEQUENCING,ERP017996,Illumina Genome Analyzer II,FALSE,SEQUENCING,NA,NA,NA,NA,TRUE,,,01/01/1900
ERX1776991,NA,NA,NA,SEQUENCING,ERP017996,Illumina Genome Analyzer II,FALSE,SEQUENCING,NA,NA,NA,NA,TRUE,,,01/01/1900
ERX1776992,NA,NA,NA,SEQUENCING,ERP017996,Illumina Genome Analyzer II,FALSE,SEQUENCING,NA,NA,NA,NA,TRUE,,,01/01/1900
ERX1776993,NA,NA,NA,SEQUENCING,ERP017996,Illumina Genome Analyzer II,FALSE,SEQUENCING,NA,NA,NA,NA,TRUE,,,01/01/1900
ERX1776995,NA,NA,NA,SEQUENCING,ERP017996,Illumina Genome Analyzer II,FALSE,SEQUENCING,NA,NA,NA,NA,TRUE,,,01/01/1900
ERX1776996,NA,NA,NA,SEQUENCING,ERP017996,Illumina Genome Analyzer II,FALSE,SEQUENCING,NA,NA,NA,NA,TRUE,,,01/01/1900
ERX1776997,NA,NA,NA,SEQUENCING,ERP017996,Illumina Genome Analyzer II,FALSE,SEQUENCING,NA,NA,NA,NA,TRUE,,,01/01/1900
ERX1776998,NA,NA,NA,SEQUENCING,ERP017996,Illumina Genome Analyzer II,FALSE,SEQUENCING,NA,NA,NA,NA,TRUE,,,01/01/1900
ERX1776999,NA,NA,NA,SEQUENCING,ERP017996,Illumina Genome Analyzer II,FALSE,SEQUENCING,NA,NA,NA,NA,TRUE,,,01/01/1900
ERX1777000,NA,NA,NA,SEQUENCING,ERP017996,Illumina Genome Analyzer II,FALSE,SEQUENCING,NA,NA,NA,NA,TRUE,,,01/01/1900
ERX1777001,NA,NA,NA,SEQUENCING,ERP017996,Illumina Genome Analyzer II,FALSE,SEQUENCING,NA,NA,NA,NA,TRUE,,,01/01/1900
ERX1777002,NA,NA,NA,SEQUENCING,ERP017996,Illumina Genome Analyzer II,FALSE,SEQUENCING,NA,NA,NA,NA,TRUE,,,01/01/1900
ERX1777003,NA,NA,NA,SEQUENCING,ERP017996,Illumina Genome Analyzer II,FALSE,SEQUENCING,NA,NA,NA,NA,TRUE,,,01/01/1900
ERX321079,NA,NA,NA,SEQUENCING,ERP003981,Illumina HiSeq 2000,FALSE,SEQUENCING,NA,NA,NA,NA,TRUE,,,01/01/1900
ERX321080,NA,NA,NA,SEQUENCING,ERP003981,Illumina HiSeq 2000,FALSE,SEQUENCING,NA,NA,NA,NA,TRUE,,,01/01/1900
ERX321081,NA,NA,NA,SEQUENCING,ERP003981,Illumina HiSeq 2000,FALSE,SEQUENCING,NA,NA,NA,NA,TRUE,,,01/01/1900
ERX321083,NA,NA,NA,SEQUENCING,ERP003981,Illumina HiSeq 2000,FALSE,SEQUENCING,NA,NA,NA,NA,TRUE,,,01/01/1900
ERX321084,NA,NA,NA,SEQUENCING,ERP003981,Illumina HiSeq 2000,FALSE,SEQUENCING,NA,NA,NA,NA,TRUE,,,01/01/1900
ERX321085,NA,NA,NA,SEQUENCING,ERP003981,Illumina HiSeq 2000,FALSE,SEQUENCING,NA,NA,NA,NA,TRUE,,,01/01/1900
ERX321086,NA,NA,NA,SEQUENCING,ERP003981,Illumina HiSeq 2000,FALSE,SEQUENCING,NA,NA,NA,NA,TRUE,,,01/01/1900
ERX336290,NA,NA,NA,SEQUENCING,ERP001208,Illumina HiSeq 2000,FALSE,SEQUENCING,NA,NA,NA,NA,TRUE,,,01/01/1900
ERX336291,NA,NA,NA,SEQUENCING,ERP001208,Illumina HiSeq 2000,FALSE,SEQUENCING,NA,NA,NA,NA,TRUE,,,01/01/1900
ERX339069,NA,NA,NA,SEQUENCING,ERP001586,Illumina HiSeq 2000,FALSE,SEQUENCING,NA,NA,NA,NA,TRUE,,,01/01/1900
ERX339070,NA,NA,NA,SEQUENCING,ERP001586,Illumina HiSeq 2000,FALSE,SEQUENCING,NA,NA,NA,NA,TRUE,,,01/01/1900
ERX339071,NA,NA,NA,SEQUENCING,ERP001586,Illumina HiSeq 2000,FALSE,SEQUENCING,NA,NA,NA,NA,TRUE,,,01/01/1900
ERX339072,NA,NA,NA,SEQUENCING,ERP001586,Illumina HiSeq 2000,FALSE,SEQUENCING,NA,NA,NA,NA,TRUE,,,01/01/1900
ERX339073,NA,NA,NA,SEQUENCING,ERP001586,Illumina HiSeq 2000,FALSE,SEQUENCING,NA,NA,NA,NA,TRUE,,,01/01/1900
ERX339074,NA,NA,NA,SEQUENCING,ERP001586,Illumina HiSeq 2000,FALSE,SEQUENCING,NA,NA,NA,NA,TRUE,,,01/01/1900
ERX339075,NA,NA,NA,SEQUENCING,ERP001586,Illumina HiSeq 2000,FALSE,SEQUENCING,NA,NA,NA,NA,TRUE,,,01/01/1900
ERX339076,NA,NA,NA,SEQUENCING,ERP001586,Illumina HiSeq 2000,FALSE,SEQUENCING,NA,NA,NA,NA,TRUE,,,01/01/1900
ERX339077,NA,NA,NA,SEQUENCING,ERP001586,Illumina HiSeq 2000,FALSE,SEQUENCING,NA,NA,NA,NA,TRUE,,,01/01/1900
ERX339078,NA,NA,NA,SEQUENCING,ERP001586,Illumina HiSeq 2000,FALSE,SEQUENCING,NA,NA,NA,NA,TRUE,,,01/01/1900
ERX339079,NA,NA,NA,SEQUENCING,ERP001586,Illumina HiSeq 2000,FALSE,SEQUENCING,NA,NA,NA,NA,TRUE,,,01/01/1900
ERX339080,NA,NA,NA,SEQUENCING,ERP001586,Illumina HiSeq 2000,FALSE,SEQUENCING,NA,NA,NA,NA,TRUE,,,01/01/1900
ERX339081,NA,NA,NA,SEQUENCING,ERP001586,Illumina HiSeq 2000,FALSE,SEQUENCING,NA,NA,NA,NA,TRUE,,,01/01/1900
ERX339082,NA,NA,NA,SEQUENCING,ERP001586,Illumina HiSeq 2000,FALSE,SEQUENCING,NA,NA,NA,NA,TRUE,,,01/01/1900
ERX339083,NA,NA,NA,SEQUENCING,ERP001586,Illumina HiSeq 2000,FALSE,SEQUENCING,NA,NA,NA,NA,TRUE,,,01/01/1900
ERX339084,NA,NA,NA,SEQUENCING,ERP001586,Illumina HiSeq 2000,FALSE,SEQUENCING,NA,NA,NA,NA,TRUE,,,01/01/1900
ERX339085,NA,NA,NA,SEQUENCING,ERP001586,Illumina HiSeq 2000,FALSE,SEQUENCING,NA,NA,NA,NA,TRUE,,,01/01/1900
ERX339086,NA,NA,NA,SEQUENCING,ERP001586,Illumina HiSeq 2000,FALSE,SEQUENCING,NA,NA,NA,NA,TRUE,,,01/01/1900
ERX339087,NA,NA,NA,SEQUENCING,ERP001586,Illumina HiSeq 2000,FALSE,SEQUENCING,NA,NA,NA,NA,TRUE,,,01/01/1900
ERX339088,NA,NA,NA,SEQUENCING,ERP001586,Illumina HiSeq 2000,FALSE,SEQUENCING,NA,NA,NA,NA,TRUE,,,01/01/1900
ERX371585,NA,NA,NA,SEQUENCING,ERP003826,Illumina HiSeq 2000,FALSE,SEQUENCING,NA,NA,NA,NA,TRUE,,,01/01/1900
ERX371586,NA,NA,NA,SEQUENCING,ERP003826,Illumina HiSeq 2000,FALSE,SEQUENCING,NA,NA,NA,NA,TRUE,,,01/01/1900
ERX371587,NA,NA,NA,SEQUENCING,ERP003826,Illumina HiSeq 2000,FALSE,SEQUENCING,NA,NA,NA,NA,TRUE,,,01/01/1900
ERX371588,NA,NA,NA,SEQUENCING,ERP003826,Illumina HiSeq 2000,FALSE,SEQUENCING,NA,NA,NA,NA,TRUE,,,01/01/1900
ERX371589,NA,NA,NA,SEQUENCING,ERP003826,Illumina HiSeq 2000,FALSE,SEQUENCING,NA,NA,NA,NA,TRUE,,,01/01/1900
ERX371590,NA,NA,NA,SEQUENCING,ERP003826,Illumina HiSeq 2000,FALSE,SEQUENCING,NA,NA,NA,NA,TRUE,,,01/01/1900
ERX371591,NA,NA,NA,SEQUENCING,ERP003826,Illumina HiSeq 2000,FALSE,SEQUENCING,NA,NA,NA,NA,TRUE,,,01/01/1900
ERX371592,NA,NA,NA,SEQUENCING,ERP003826,Illumina HiSeq 2000,FALSE,SEQUENCING,NA,NA,NA,NA,TRUE,,,01/01/1900
ERX371593,NA,NA,NA,SEQUENCING,ERP003826,Illumina HiSeq 2000,FALSE,SEQUENCING,NA,NA,NA,NA,TRUE,,,01/01/1900
ERX371594,NA,NA,NA,SEQUENCING,ERP003826,Illumina HiSeq 2000,FALSE,SEQUENCING,NA,NA,NA,NA,TRUE,,,01/01/1900
ERX371595,NA,NA,NA,SEQUENCING,ERP003826,Illumina HiSeq 2000,FALSE,SEQUENCING,NA,NA,NA,NA,TRUE,,,01/01/1900
ERX371596,NA,NA,NA,SEQUENCING,ERP003826,Illumina HiSeq 2000,FALSE,SEQUENCING,NA,NA,NA,NA,TRUE,,,01/01/1900
ERX540759,NA,NA,NA,SEQUENCING,ERP004323,Illumina MiSeq,FALSE,SEQUENCING,NA,NA,NA,NA,TRUE,,,01/01/1900
ERX540760,NA,NA,NA,SEQUENCING,ERP004323,Illumina MiSeq,FALSE,SEQUENCING,NA,NA,NA,NA,TRUE,,,01/01/1900
ERX540761,NA,NA,NA,SEQUENCING,ERP004323,Illumina MiSeq,FALSE,SEQUENCING,NA,NA,NA,NA,TRUE,,,01/01/1900
ERX540762,NA,NA,NA,SEQUENCING,ERP004323,Illumina MiSeq,FALSE,SEQUENCING,NA,NA,NA,NA,TRUE,,,01/01/1900
ERX540763,NA,NA,NA,SEQUENCING,ERP004323,Illumina MiSeq,FALSE,SEQUENCING,NA,NA,NA,NA,TRUE,,,01/01/1900
ERX540764,NA,NA,NA,SEQUENCING,ERP004323,Illumina MiSeq,FALSE,SEQUENCING,NA,NA,NA,NA,TRUE,,,01/01/1900
ERX540765,NA,NA,NA,SEQUENCING,ERP004323,Illumina MiSeq,FALSE,SEQUENCING,NA,NA,NA,NA,TRUE,,,01/01/1900
ERX540766,NA,NA,NA,SEQUENCING,ERP004323,Illumina MiSeq,FALSE,SEQUENCING,NA,NA,NA,NA,TRUE,,,01/01/1900
ERX540767,NA,NA,NA,SEQUENCING,ERP004323,Illumina MiSeq,FALSE,SEQUENCING,NA,NA,NA,NA,TRUE,,,01/01/1900
ERX540768,NA,NA,NA,SEQUENCING,ERP004323,Illumina MiSeq,FALSE,SEQUENCING,NA,NA,NA,NA,TRUE,,,01/01/1900
ERX540769,NA,NA,NA,SEQUENCING,ERP004323,Illumina MiSeq,FALSE,SEQUENCING,NA,NA,NA,NA,TRUE,,,01/01/1900
ERX540770,NA,NA,NA,SEQUENCING,ERP004323,Illumina MiSeq,FALSE,SEQUENCING,NA,NA,NA,NA,TRUE,,,01/01/1900
ERX540771,NA,NA,NA,SEQUENCING,ERP004323,Illumina MiSeq,FALSE,SEQUENCING,NA,NA,NA,NA,TRUE,,,01/01/1900
ERX540772,NA,NA,NA,SEQUENCING,ERP004323,Illumina MiSeq,FALSE,SEQUENCING,NA,NA,NA,NA,TRUE,,,01/01/1900
ERX540773,NA,NA,NA,SEQUENCING,ERP004323,Illumina MiSeq,FALSE,SEQUENCING,NA,NA,NA,NA,TRUE,,,01/01/1900
ERX540774,NA,NA,NA,SEQUENCING,ERP004323,Illumina MiSeq,FALSE,SEQUENCING,NA,NA,NA,NA,TRUE,,,01/01/1900
ERX653212,NA,NA,NA,SEQUENCING,ERP005455,Illumina HiSeq 2000,FALSE,SEQUENCING,NA,NA,NA,NA,TRUE,,,01/01/1900
ERX653213,NA,NA,NA,SEQUENCING,ERP005455,Illumina HiSeq 2000,FALSE,SEQUENCING,NA,NA,NA,NA,TRUE,,,01/01/1900
ERX653214,NA,NA,NA,SEQUENCING,ERP005455,Illumina HiSeq 2000,FALSE,SEQUENCING,NA,NA,NA,NA,TRUE,,,01/01/1900
ERX653215,NA,NA,NA,SEQUENCING,ERP005455,Illumina HiSeq 2000,FALSE,SEQUENCING,NA,NA,NA,NA,TRUE,,,01/01/1900
ERX653216,NA,NA,NA,SEQUENCING,ERP005455,Illumina HiSeq 2000,FALSE,SEQUENCING,NA,NA,NA,NA,TRUE,,,01/01/1900
ERX653217,NA,NA,NA,SEQUENCING,ERP005455,Illumina HiSeq 2000,FALSE,SEQUENCING,NA,NA,NA,NA,TRUE,,,01/01/1900
ERX653218,NA,NA,NA,SEQUENCING,ERP005455,Illumina HiSeq 2000,FALSE,SEQUENCING,NA,NA,NA,NA,TRUE,,,01/01/1900
ERX653219,NA,NA,NA,SEQUENCING,ERP005455,Illumina HiSeq 2000,FALSE,SEQUENCING,NA,NA,NA,NA,TRUE,,,01/01/1900
ERX653220,NA,NA,NA,SEQUENCING,ERP005455,Illumina HiSeq 2000,FALSE,SEQUENCING,NA,NA,NA,NA,TRUE,,,01/01/1900
ERX653221,NA,NA,NA,SEQUENCING,ERP005455,Illumina HiSeq 2000,FALSE,SEQUENCING,NA,NA,NA,NA,TRUE,,,01/01/1900
ERX653222,NA,NA,NA,SEQUENCING,ERP005455,Illumina HiSeq 2000,FALSE,SEQUENCING,NA,NA,NA,NA,TRUE,,,01/01/1900
ERX653223,NA,NA,NA,SEQUENCING,ERP005455,Illumina HiSeq 2000,FALSE,SEQUENCING,NA,NA,NA,NA,TRUE,,,01/01/1900
ERX653224,NA,NA,NA,SEQUENCING,ERP005455,Illumina HiSeq 2000,FALSE,SEQUENCING,NA,NA,NA,NA,TRUE,,,01/01/1900
ERX653225,NA,NA,NA,SEQUENCING,ERP005455,Illumina HiSeq 2000,FALSE,SEQUENCING,NA,NA,NA,NA,TRUE,,,01/01/1900
ERX653226,NA,NA,NA,SEQUENCING,ERP005455,Illumina HiSeq 2000,FALSE,SEQUENCING,NA,NA,NA,NA,TRUE,,,01/01/1900
ERX653227,NA,NA,NA,SEQUENCING,ERP005455,Illumina HiSeq 2000,FALSE,SEQUENCING,NA,NA,NA,NA,TRUE,,,01/01/1900
ERX653228,NA,NA,NA,SEQUENCING,ERP005455,Illumina HiSeq 2000,FALSE,SEQUENCING,NA,NA,NA,NA,TRUE,,,01/01/1900
ERX653229,NA,NA,NA,SEQUENCING,ERP005455,Illumina HiSeq 2000,FALSE,SEQUENCING,NA,NA,NA,NA,TRUE,,,01/01/1900
ERX675254,NA,NA,NA,SEQUENCING,ERP005455,Illumina HiSeq 2000,FALSE,SEQUENCING,NA,NA,NA,NA,TRUE,,,01/01/1900
ERX675255,NA,NA,NA,SEQUENCING,ERP005455,Illumina HiSeq 2000,FALSE,SEQUENCING,NA,NA,NA,NA,TRUE,,,01/01/1900
ERX675256,NA,NA,NA,SEQUENCING,ERP005455,Illumina HiSeq 2000,FALSE,SEQUENCING,NA,NA,NA,NA,TRUE,,,01/01/1900
ERX675257,NA,NA,NA,SEQUENCING,ERP005455,Illumina HiSeq 2000,FALSE,SEQUENCING,NA,NA,NA,NA,TRUE,,,01/01/1900
ERX675258,NA,NA,NA,SEQUENCING,ERP005455,Illumina HiSeq 2000,FALSE,SEQUENCING,NA,NA,NA,NA,TRUE,,,01/01/1900
ERX675259,NA,NA,NA,SEQUENCING,ERP005455,Illumina HiSeq 2000,FALSE,SEQUENCING,NA,NA,NA,NA,TRUE,,,01/01/1900
ERX675260,NA,NA,NA,SEQUENCING,ERP005455,Illumina HiSeq 2000,FALSE,SEQUENCING,NA,NA,NA,NA,TRUE,,,01/01/1900
ERX675261,NA,NA,NA,SEQUENCING,ERP005455,Illumina HiSeq 2000,FALSE,SEQUENCING,NA,NA,NA,NA,TRUE,,,01/01/1900
ERX675262,NA,NA,NA,SEQUENCING,ERP005455,Illumina HiSeq 2000,FALSE,SEQUENCING,NA,NA,NA,NA,TRUE,,,01/01/1900
ERX675263,NA,NA,NA,SEQUENCING,ERP005455,Illumina HiSeq 2000,FALSE,SEQUENCING,NA,NA,NA,NA,TRUE,,,01/01/1900
ERX675264,NA,NA,NA,SEQUENCING,ERP005455,Illumina HiSeq 2000,FALSE,SEQUENCING,NA,NA,NA,NA,TRUE,,,01/01/1900
ERX675265,NA,NA,NA,SEQUENCING,ERP005455,Illumina HiSeq 2000,FALSE,SEQUENCING,NA,NA,NA,NA,TRUE,,,01/01/1900
ERX675266,NA,NA,NA,SEQUENCING,ERP005455,Illumina HiSeq 2000,FALSE,SEQUENCING,NA,NA,NA,NA,TRUE,,,01/01/1900
ERX675267,NA,NA,NA,SEQUENCING,ERP005455,Illumina HiSeq 2000,FALSE,SEQUENCING,NA,NA,NA,NA,TRUE,,,01/01/1900
ERX675268,NA,NA,NA,SEQUENCING,ERP005455,Illumina HiSeq 2000,FALSE,SEQUENCING,NA,NA,NA,NA,TRUE,,,01/01/1900
ERX675269,NA,NA,NA,SEQUENCING,ERP005455,Illumina HiSeq 2000,FALSE,SEQUENCING,NA,NA,NA,NA,TRUE,,,01/01/1900
ERX675270,NA,NA,NA,SEQUENCING,ERP005455,Illumina HiSeq 2000,FALSE,SEQUENCING,NA,NA,NA,NA,TRUE,,,01/01/1900
ERX675271,NA,NA,NA,SEQUENCING,ERP005455,Illumina HiSeq 2000,FALSE,SEQUENCING,NA,NA,NA,NA,TRUE,,,01/01/1900
ERX675272,NA,NA,NA,SEQUENCING,ERP005455,Illumina HiSeq 2000,FALSE,SEQUENCING,NA,NA,NA,NA,TRUE,,,01/01/1900
ERX675273,NA,NA,NA,SEQUENCING,ERP005455,Illumina HiSeq 2000,FALSE,SEQUENCING,NA,NA,NA,NA,TRUE,,,01/01/1900
ERX675274,NA,NA,NA,SEQUENCING,ERP005455,Illumina HiSeq 2000,FALSE,SEQUENCING,NA,NA,NA,NA,TRUE,,,01/01/1900
ERX675275,NA,NA,NA,SEQUENCING,ERP005455,Illumina HiSeq 2000,FALSE,SEQUENCING,NA,NA,NA,NA,TRUE,,,01/01/1900
ERX675276,NA,NA,NA,SEQUENCING,ERP005455,Illumina HiSeq 2000,FALSE,SEQUENCING,NA,NA,NA,NA,TRUE,,,01/01/1900
ERX675277,NA,NA,NA,SEQUENCING,ERP005455,Illumina HiSeq 2000,FALSE,SEQUENCING,NA,NA,NA,NA,TRUE,,,01/01/1900
ERX675278,NA,NA,NA,SEQUENCING,ERP005455,Illumina HiSeq 2000,FALSE,SEQUENCING,NA,NA,NA,NA,TRUE,,,01/01/1900
ERX675279,NA,NA,NA,SEQUENCING,ERP005455,Illumina HiSeq 2000,FALSE,SEQUENCING,NA,NA,NA,NA,TRUE,,,01/01/1900
ERX675280,NA,NA,NA,SEQUENCING,ERP005455,Illumina HiSeq 2000,FALSE,SEQUENCING,NA,NA,NA,NA,TRUE,,,01/01/1900
ERX675281,NA,NA,NA,SEQUENCING,ERP005455,Illumina HiSeq 2000,FALSE,SEQUENCING,NA,NA,NA,NA,TRUE,,,01/01/1900
ERX675282,NA,NA,NA,SEQUENCING,ERP005455,Illumina HiSeq 2000,FALSE,SEQUENCING,NA,NA,NA,NA,TRUE,,,01/01/1900
ERX675283,NA,NA,NA,SEQUENCING,ERP005455,Illumina HiSeq 2000,FALSE,SEQUENCING,NA,NA,NA,NA,TRUE,,,01/01/1900
ERX675284,NA,NA,NA,SEQUENCING,ERP005455,Illumina HiSeq 2000,FALSE,SEQUENCING,NA,NA,NA,NA,TRUE,,,01/01/1900
ERX675285,NA,NA,NA,SEQUENCING,ERP005455,Illumina HiSeq 2000,FALSE,SEQUENCING,NA,NA,NA,NA,TRUE,,,01/01/1900
ERX675286,NA,NA,NA,SEQUENCING,ERP005455,Illumina HiSeq 2000,FALSE,SEQUENCING,NA,NA,NA,NA,TRUE,,,01/01/1900
ERX675287,NA,NA,NA,SEQUENCING,ERP005455,Illumina HiSeq 2000,FALSE,SEQUENCING,NA,NA,NA,NA,TRUE,,,01/01/1900
ERX675288,NA,NA,NA,SEQUENCING,ERP005455,Illumina HiSeq 2000,FALSE,SEQUENCING,NA,NA,NA,NA,TRUE,,,01/01/1900
ERX675289,NA,NA,NA,SEQUENCING,ERP005455,Illumina HiSeq 2000,FALSE,SEQUENCING,NA,NA,NA,NA,TRUE,,,01/01/1900
ERX681893,NA,NA,NA,SEQUENCING,ERP006542,Illumina HiSeq 2000,FALSE,SEQUENCING,NA,NA,NA,NA,TRUE,,,01/01/1900
ERX681894,NA,NA,NA,SEQUENCING,ERP006542,Illumina HiSeq 2000,FALSE,SEQUENCING,NA,NA,NA,NA,TRUE,,,01/01/1900
ERX681895,NA,NA,NA,SEQUENCING,ERP006542,Illumina HiSeq 2000,FALSE,SEQUENCING,NA,NA,NA,NA,TRUE,,,01/01/1900
ERX681896,NA,NA,NA,SEQUENCING,ERP006542,Illumina HiSeq 2000,FALSE,SEQUENCING,NA,NA,NA,NA,TRUE,,,01/01/1900
ERX681897,NA,NA,NA,SEQUENCING,ERP006542,Illumina HiSeq 2000,FALSE,SEQUENCING,NA,NA,NA,NA,TRUE,,,01/01/1900
ERX681898,NA,NA,NA,SEQUENCING,ERP006542,Illumina HiSeq 2000,FALSE,SEQUENCING,NA,NA,NA,NA,TRUE,,,01/01/1900
ERX681899,NA,NA,NA,SEQUENCING,ERP006542,Illumina HiSeq 2000,FALSE,SEQUENCING,NA,NA,NA,NA,TRUE,,,01/01/1900
ERX681900,NA,NA,NA,SEQUENCING,ERP006542,Illumina HiSeq 2000,FALSE,SEQUENCING,NA,NA,NA,NA,TRUE,,,01/01/1900
ERX681901,NA,NA,NA,SEQUENCING,ERP006542,Illumina HiSeq 2000,FALSE,SEQUENCING,NA,NA,NA,NA,TRUE,,,01/01/1900
SRX027368,NA,NA,NA,SEQUENCING,SRP003643,Illumina Genome Analyzer II,FALSE,SEQUENCING,NA,NA,NA,NA,TRUE,,,01/01/1900
SRX027369,NA,NA,NA,SEQUENCING,SRP003643,Illumina Genome Analyzer II,FALSE,SEQUENCING,NA,NA,NA,NA,TRUE,,,01/01/1900
SRX103230,NA,NA,NA,SEQUENCING,SRP009089,Illumina Genome Analyzer,FALSE,SEQUENCING,NA,NA,NA,NA,TRUE,,,01/01/1900
SRX1036363,NA,NA,NA,SEQUENCING,SRP058591,Illumina MiSeq,FALSE,SEQUENCING,NA,NA,NA,NA,TRUE,,,01/01/1900
SRX1135774,NA,NA,NA,SEQUENCING,SRP058591,Illumina MiSeq,FALSE,SEQUENCING,NA,NA,NA,NA,TRUE,,,01/01/1900
SRX1135789,NA,NA,NA,SEQUENCING,SRP058591,Illumina MiSeq,FALSE,SEQUENCING,NA,NA,NA,NA,TRUE,,,01/01/1900
SRX1140605,NA,NA,NA,SEQUENCING,SRP062232,Illumina HiSeq 2000,FALSE,SEQUENCING,NA,NA,NA,NA,TRUE,,,01/01/1900
SRX1140606,NA,NA,NA,SEQUENCING,SRP062232,Illumina HiSeq 2000,FALSE,SEQUENCING,NA,NA,NA,NA,TRUE,,,01/01/1900
SRX1140607,NA,NA,NA,SEQUENCING,SRP062232,Illumina HiSeq 2000,FALSE,SEQUENCING,NA,NA,NA,NA,TRUE,,,01/01/1900
SRX1258662,NA,NA,NA,SEQUENCING,SRP063839,Illumina HiSeq 1000,FALSE,SEQUENCING,NA,NA,NA,NA,TRUE,,,01/01/1900
SRX1258663,NA,NA,NA,SEQUENCING,SRP063839,Illumina HiSeq 1000,FALSE,SEQUENCING,NA,NA,NA,NA,TRUE,,,01/01/1900
SRX1258664,NA,NA,NA,SEQUENCING,SRP063839,Illumina HiSeq 1000,FALSE,SEQUENCING,NA,NA,NA,NA,TRUE,,,01/01/1900
SRX1258665,NA,NA,NA,SEQUENCING,SRP063839,Illumina HiSeq 1000,FALSE,SEQUENCING,NA,NA,NA,NA,TRUE,,,01/01/1900
SRX1258666,NA,NA,NA,SEQUENCING,SRP063839,Illumina HiSeq 1000,FALSE,SEQUENCING,NA,NA,NA,NA,TRUE,,,01/01/1900
SRX1258667,NA,NA,NA,SEQUENCING,SRP063839,Illumina HiSeq 1000,FALSE,SEQUENCING,NA,NA,NA,NA,TRUE,,,01/01/1900
SRX1258668,NA,NA,NA,SEQUENCING,SRP063839,Illumina HiSeq 1000,FALSE,SEQUENCING,NA,NA,NA,NA,TRUE,,,01/01/1900
SRX1258669,NA,NA,NA,SEQUENCING,SRP063839,Illumina HiSeq 1000,FALSE,SEQUENCING,NA,NA,NA,NA,TRUE,,,01/01/1900
SRX1258670,NA,NA,NA,SEQUENCING,SRP063839,Illumina HiSeq 1000,FALSE,SEQUENCING,NA,NA,NA,NA,TRUE,,,01/01/1900
SRX1366851,NA,NA,NA,SEQUENCING,SRP045115,Illumina HiSeq 2000,FALSE,SEQUENCING,NA,NA,NA,NA,TRUE,,,01/01/1900
SRX1392946,NA,NA,NA,SEQUENCING,SRP065437,Illumina HiSeq 2500,FALSE,SEQUENCING,NA,NA,NA,NA,TRUE,,,01/01/1900
SRX1392947,NA,NA,NA,SEQUENCING,SRP065437,Illumina HiSeq 2500,FALSE,SEQUENCING,NA,NA,NA,NA,TRUE,,,01/01/1900
SRX1392948,NA,NA,NA,SEQUENCING,SRP065437,Illumina HiSeq 2500,FALSE,SEQUENCING,NA,NA,NA,NA,TRUE,,,01/01/1900
SRX1392949,NA,NA,NA,SEQUENCING,SRP065437,Illumina HiSeq 2500,FALSE,SEQUENCING,NA,NA,NA,NA,TRUE,,,01/01/1900
SRX1392950,NA,NA,NA,SEQUENCING,SRP065437,Illumina HiSeq 2500,FALSE,SEQUENCING,NA,NA,NA,NA,TRUE,,,01/01/1900
SRX1392951,NA,NA,NA,SEQUENCING,SRP065437,Illumina HiSeq 2500,FALSE,SEQUENCING,NA,NA,NA,NA,TRUE,,,01/01/1900
SRX1392952,NA,NA,NA,SEQUENCING,SRP065437,Illumina HiSeq 2500,FALSE,SEQUENCING,NA,NA,NA,NA,TRUE,,,01/01/1900
SRX1392953,NA,NA,NA,SEQUENCING,SRP065437,Illumina HiSeq 2500,FALSE,SEQUENCING,NA,NA,NA,NA,TRUE,,,01/01/1900
SRX1392954,NA,NA,NA,SEQUENCING,SRP065437,Illumina HiSeq 2500,FALSE,SEQUENCING,NA,NA,NA,NA,TRUE,,,01/01/1900
SRX1392955,NA,NA,NA,SEQUENCING,SRP065437,Illumina HiSeq 2500,FALSE,SEQUENCING,NA,NA,NA,NA,TRUE,,,01/01/1900
SRX1392956,NA,NA,NA,SEQUENCING,SRP065437,Illumina HiSeq 2500,FALSE,SEQUENCING,NA,NA,NA,NA,TRUE,,,01/01/1900
SRX1392957,NA,NA,NA,SEQUENCING,SRP065437,Illumina HiSeq 2500,FALSE,SEQUENCING,NA,NA,NA,NA,TRUE,,,01/01/1900
SRX1410936,NA,NA,NA,SEQUENCING,SRP057065,NextSeq 500,FALSE,SEQUENCING,NA,NA,NA,NA,TRUE,,,01/01/1900
SRX1410937,NA,NA,NA,SEQUENCING,SRP057065,NextSeq 500,FALSE,SEQUENCING,NA,NA,NA,NA,TRUE,,,01/01/1900
SRX1410938,NA,NA,NA,SEQUENCING,SRP057065,NextSeq 500,FALSE,SEQUENCING,NA,NA,NA,NA,TRUE,,,01/01/1900
SRX1410939,NA,NA,NA,SEQUENCING,SRP057065,NextSeq 500,FALSE,SEQUENCING,NA,NA,NA,NA,TRUE,,,01/01/1900
SRX1410940,NA,NA,NA,SEQUENCING,SRP057065,NextSeq 500,FALSE,SEQUENCING,NA,NA,NA,NA,TRUE,,,01/01/1900
SRX1410941,NA,NA,NA,SEQUENCING,SRP057065,NextSeq 500,FALSE,SEQUENCING,NA,NA,NA,NA,TRUE,,,01/01/1900
SRX1410942,NA,NA,NA,SEQUENCING,SRP057065,NextSeq 500,FALSE,SEQUENCING,NA,NA,NA,NA,TRUE,,,01/01/1900
SRX1410943,NA,NA,NA,SEQUENCING,SRP057065,NextSeq 500,FALSE,SEQUENCING,NA,NA,NA,NA,TRUE,,,01/01/1900
SRX1410944,NA,NA,NA,SEQUENCING,SRP057065,NextSeq 500,FALSE,SEQUENCING,NA,NA,NA,NA,TRUE,,,01/01/1900
SRX1410945,NA,NA,NA,SEQUENCING,SRP057065,NextSeq 500,FALSE,SEQUENCING,NA,NA,NA,NA,TRUE,,,01/01/1900
SRX1410946,NA,NA,NA,SEQUENCING,SRP057065,NextSeq 500,FALSE,SEQUENCING,NA,NA,NA,NA,TRUE,,,01/01/1900
SRX1410947,NA,NA,NA,SEQUENCING,SRP057065,NextSeq 500,FALSE,SEQUENCING,NA,NA,NA,NA,TRUE,,,01/01/1900
SRX1410948,NA,NA,NA,SEQUENCING,SRP057065,NextSeq 500,FALSE,SEQUENCING,NA,NA,NA,NA,TRUE,,,01/01/1900
SRX1410949,NA,NA,NA,SEQUENCING,SRP057065,NextSeq 500,FALSE,SEQUENCING,NA,NA,NA,NA,TRUE,,,01/01/1900
SRX1410950,NA,NA,NA,SEQUENCING,SRP057065,NextSeq 500,FALSE,SEQUENCING,NA,NA,NA,NA,TRUE,,,01/01/1900
SRX1410951,NA,NA,NA,SEQUENCING,SRP057065,NextSeq 500,FALSE,SEQUENCING,NA,NA,NA,NA,TRUE,,,01/01/1900
SRX1410952,NA,NA,NA,SEQUENCING,SRP057065,NextSeq 500,FALSE,SEQUENCING,NA,NA,NA,NA,TRUE,,,01/01/1900
SRX1410953,NA,NA,NA,SEQUENCING,SRP057065,NextSeq 500,FALSE,SEQUENCING,NA,NA,NA,NA,TRUE,,,01/01/1900
SRX1410954,NA,NA,NA,SEQUENCING,SRP057065,NextSeq 500,FALSE,SEQUENCING,NA,NA,NA,NA,TRUE,,,01/01/1900
SRX1410955,NA,NA,NA,SEQUENCING,SRP057065,NextSeq 500,FALSE,SEQUENCING,NA,NA,NA,NA,TRUE,,,01/01/1900
SRX1410956,NA,NA,NA,SEQUENCING,SRP057065,NextSeq 500,FALSE,SEQUENCING,NA,NA,NA,NA,TRUE,,,01/01/1900
SRX1410957,NA,NA,NA,SEQUENCING,SRP057065,NextSeq 500,FALSE,SEQUENCING,NA,NA,NA,NA,TRUE,,,01/01/1900
SRX1410958,NA,NA,NA,SEQUENCING,SRP057065,NextSeq 500,FALSE,SEQUENCING,NA,NA,NA,NA,TRUE,,,01/01/1900
SRX1410959,NA,NA,NA,SEQUENCING,SRP057065,NextSeq 500,FALSE,SEQUENCING,NA,NA,NA,NA,TRUE,,,01/01/1900
SRX1410960,NA,NA,NA,SEQUENCING,SRP057065,NextSeq 500,FALSE,SEQUENCING,NA,NA,NA,NA,TRUE,,,01/01/1900
SRX1410961,NA,NA,NA,SEQUENCING,SRP057065,NextSeq 500,FALSE,SEQUENCING,NA,NA,NA,NA,TRUE,,,01/01/1900
SRX1410962,NA,NA,NA,SEQUENCING,SRP057065,NextSeq 500,FALSE,SEQUENCING,NA,NA,NA,NA,TRUE,,,01/01/1900
SRX1410963,NA,NA,NA,SEQUENCING,SRP057065,NextSeq 500,FALSE,SEQUENCING,NA,NA,NA,NA,TRUE,,,01/01/1900
SRX1410964,NA,NA,NA,SEQUENCING,SRP057065,NextSeq 500,FALSE,SEQUENCING,NA,NA,NA,NA,TRUE,,,01/01/1900
SRX1410965,NA,NA,NA,SEQUENCING,SRP057065,NextSeq 500,FALSE,SEQUENCING,NA,NA,NA,NA,TRUE,,,01/01/1900
SRX1410966,NA,NA,NA,SEQUENCING,SRP057065,NextSeq 500,FALSE,SEQUENCING,NA,NA,NA,NA,TRUE,,,01/01/1900
SRX1410967,NA,NA,NA,SEQUENCING,SRP057065,NextSeq 500,FALSE,SEQUENCING,NA,NA,NA,NA,TRUE,,,01/01/1900
SRX1410968,NA,NA,NA,SEQUENCING,SRP057065,NextSeq 500,FALSE,SEQUENCING,NA,NA,NA,NA,TRUE,,,01/01/1900
SRX1410969,NA,NA,NA,SEQUENCING,SRP057065,NextSeq 500,FALSE,SEQUENCING,NA,NA,NA,NA,TRUE,,,01/01/1900
SRX1410970,NA,NA,NA,SEQUENCING,SRP057065,NextSeq 500,FALSE,SEQUENCING,NA,NA,NA,NA,TRUE,,,01/01/1900
SRX1410971,NA,NA,NA,SEQUENCING,SRP057065,NextSeq 500,FALSE,SEQUENCING,NA,NA,NA,NA,TRUE,,,01/01/1900
SRX1410972,NA,NA,NA,SEQUENCING,SRP057065,NextSeq 500,FALSE,SEQUENCING,NA,NA,NA,NA,TRUE,,,01/01/1900
SRX1410973,NA,NA,NA,SEQUENCING,SRP057065,NextSeq 500,FALSE,SEQUENCING,NA,NA,NA,NA,TRUE,,,01/01/1900
SRX1410974,NA,NA,NA,SEQUENCING,SRP057065,NextSeq 500,FALSE,SEQUENCING,NA,NA,NA,NA,TRUE,,,01/01/1900
SRX1410976,NA,NA,NA,SEQUENCING,SRP057065,NextSeq 500,FALSE,SEQUENCING,NA,NA,NA,NA,TRUE,,,01/01/1900
SRX1410977,NA,NA,NA,SEQUENCING,SRP057065,NextSeq 500,FALSE,SEQUENCING,NA,NA,NA,NA,TRUE,,,01/01/1900
SRX1410978,NA,NA,NA,SEQUENCING,SRP057065,NextSeq 500,FALSE,SEQUENCING,NA,NA,NA,NA,TRUE,,,01/01/1900
SRX1410979,NA,NA,NA,SEQUENCING,SRP057065,NextSeq 500,FALSE,SEQUENCING,NA,NA,NA,NA,TRUE,,,01/01/1900
SRX1410980,NA,NA,NA,SEQUENCING,SRP057065,NextSeq 500,FALSE,SEQUENCING,NA,NA,NA,NA,TRUE,,,01/01/1900
SRX1410981,NA,NA,NA,SEQUENCING,SRP057065,NextSeq 500,FALSE,SEQUENCING,NA,NA,NA,NA,TRUE,,,01/01/1900
SRX1410982,NA,NA,NA,SEQUENCING,SRP057065,NextSeq 500,FALSE,SEQUENCING,NA,NA,NA,NA,TRUE,,,01/01/1900
SRX1410983,NA,NA,NA,SEQUENCING,SRP057065,NextSeq 500,FALSE,SEQUENCING,NA,NA,NA,NA,TRUE,,,01/01/1900
SRX1410984,NA,NA,NA,SEQUENCING,SRP057065,NextSeq 500,FALSE,SEQUENCING,NA,NA,NA,NA,TRUE,,,01/01/1900
SRX1410985,NA,NA,NA,SEQUENCING,SRP057065,NextSeq 500,FALSE,SEQUENCING,NA,NA,NA,NA,TRUE,,,01/01/1900
SRX1410986,NA,NA,NA,SEQUENCING,SRP057065,NextSeq 500,FALSE,SEQUENCING,NA,NA,NA,NA,TRUE,,,01/01/1900
SRX1410987,NA,NA,NA,SEQUENCING,SRP057065,NextSeq 500,FALSE,SEQUENCING,NA,NA,NA,NA,TRUE,,,01/01/1900
SRX1462102,NA,NA,NA,SEQUENCING,SRP066926,Illumina HiSeq 2500,FALSE,SEQUENCING,NA,NA,NA,NA,TRUE,,,01/01/1900
SRX1462103,NA,NA,NA,SEQUENCING,SRP066926,Illumina HiSeq 2500,FALSE,SEQUENCING,NA,NA,NA,NA,TRUE,,,01/01/1900
SRX1462104,NA,NA,NA,SEQUENCING,SRP066926,Illumina HiSeq 2500,FALSE,SEQUENCING,NA,NA,NA,NA,TRUE,,,01/01/1900
SRX1462105,NA,NA,NA,SEQUENCING,SRP066926,Illumina HiSeq 2500,FALSE,SEQUENCING,NA,NA,NA,NA,TRUE,,,01/01/1900
SRX1462126,NA,NA,NA,SEQUENCING,SRP066926,Illumina HiSeq 2500,FALSE,SEQUENCING,NA,NA,NA,NA,TRUE,,,01/01/1900
SRX1462127,NA,NA,NA,SEQUENCING,SRP066926,Illumina HiSeq 2500,FALSE,SEQUENCING,NA,NA,NA,NA,TRUE,,,01/01/1900
SRX1462128,NA,NA,NA,SEQUENCING,SRP066926,Illumina HiSeq 2500,FALSE,SEQUENCING,NA,NA,NA,NA,TRUE,,,01/01/1900
SRX1462129,NA,NA,NA,SEQUENCING,SRP066926,Illumina HiSeq 2500,FALSE,SEQUENCING,NA,NA,NA,NA,TRUE,,,01/01/1900
SRX1462130,NA,NA,NA,SEQUENCING,SRP066926,Illumina HiSeq 2500,FALSE,SEQUENCING,NA,NA,NA,NA,TRUE,,,01/01/1900
SRX1462131,NA,NA,NA,SEQUENCING,SRP066926,Illumina HiSeq 2500,FALSE,SEQUENCING,NA,NA,NA,NA,TRUE,,,01/01/1900
SRX1462132,NA,NA,NA,SEQUENCING,SRP066926,Illumina HiSeq 2500,FALSE,SEQUENCING,NA,NA,NA,NA,TRUE,,,01/01/1900
SRX1462164,NA,NA,NA,SEQUENCING,SRP066926,Illumina HiSeq 2500,FALSE,SEQUENCING,NA,NA,NA,NA,TRUE,,,01/01/1900
SRX1462169,NA,NA,NA,SEQUENCING,SRP066926,Illumina HiSeq 2500,FALSE,SEQUENCING,NA,NA,NA,NA,TRUE,,,01/01/1900
SRX1462171,NA,NA,NA,SEQUENCING,SRP066926,Illumina HiSeq 2500,FALSE,SEQUENCING,NA,NA,NA,NA,TRUE,,,01/01/1900
SRX1462172,NA,NA,NA,SEQUENCING,SRP066926,Illumina HiSeq 2500,FALSE,SEQUENCING,NA,NA,NA,NA,TRUE,,,01/01/1900
SRX1462217,NA,NA,NA,SEQUENCING,SRP066926,Illumina HiSeq 2500,FALSE,SEQUENCING,NA,NA,NA,NA,TRUE,,,01/01/1900
SRX1469598,NA,NA,NA,SEQUENCING,SRP057244,NextSeq 500,FALSE,SEQUENCING,NA,NA,NA,NA,TRUE,,,01/01/1900
SRX1469599,NA,NA,NA,SEQUENCING,SRP057244,NextSeq 500,FALSE,SEQUENCING,NA,NA,NA,NA,TRUE,,,01/01/1900
SRX1469600,NA,NA,NA,SEQUENCING,SRP057244,NextSeq 500,FALSE,SEQUENCING,NA,NA,NA,NA,TRUE,,,01/01/1900
SRX1469601,NA,NA,NA,SEQUENCING,SRP057244,NextSeq 500,FALSE,SEQUENCING,NA,NA,NA,NA,TRUE,,,01/01/1900
SRX1469602,NA,NA,NA,SEQUENCING,SRP057244,NextSeq 500,FALSE,SEQUENCING,NA,NA,NA,NA,TRUE,,,01/01/1900
SRX1469603,NA,NA,NA,SEQUENCING,SRP057244,NextSeq 500,FALSE,SEQUENCING,NA,NA,NA,NA,TRUE,,,01/01/1900
SRX1469604,NA,NA,NA,SEQUENCING,SRP057244,NextSeq 500,FALSE,SEQUENCING,NA,NA,NA,NA,TRUE,,,01/01/1900
SRX1469605,NA,NA,NA,SEQUENCING,SRP057244,NextSeq 500,FALSE,SEQUENCING,NA,NA,NA,NA,TRUE,,,01/01/1900
SRX1469606,NA,NA,NA,SEQUENCING,SRP057244,NextSeq 500,FALSE,SEQUENCING,NA,NA,NA,NA,TRUE,,,01/01/1900
SRX1469607,NA,NA,NA,SEQUENCING,SRP057244,NextSeq 500,FALSE,SEQUENCING,NA,NA,NA,NA,TRUE,,,01/01/1900
SRX1469608,NA,NA,NA,SEQUENCING,SRP057244,NextSeq 500,FALSE,SEQUENCING,NA,NA,NA,NA,TRUE,,,01/01/1900
SRX1469609,NA,NA,NA,SEQUENCING,SRP057244,NextSeq 500,FALSE,SEQUENCING,NA,NA,NA,NA,TRUE,,,01/01/1900
SRX1469610,NA,NA,NA,SEQUENCING,SRP057244,NextSeq 500,FALSE,SEQUENCING,NA,NA,NA,NA,TRUE,,,01/01/1900
SRX1469611,NA,NA,NA,SEQUENCING,SRP057244,NextSeq 500,FALSE,SEQUENCING,NA,NA,NA,NA,TRUE,,,01/01/1900
SRX1469612,NA,NA,NA,SEQUENCING,SRP057244,NextSeq 500,FALSE,SEQUENCING,NA,NA,NA,NA,TRUE,,,01/01/1900
SRX1469613,NA,NA,NA,SEQUENCING,SRP057244,Illumina MiSeq,FALSE,SEQUENCING,NA,NA,NA,NA,TRUE,,,01/01/1900
SRX1469614,NA,NA,NA,SEQUENCING,SRP057244,NextSeq 500,FALSE,SEQUENCING,NA,NA,NA,NA,TRUE,,,01/01/1900
SRX1469615,NA,NA,NA,SEQUENCING,SRP057244,Illumina MiSeq,FALSE,SEQUENCING,NA,NA,NA,NA,TRUE,,,01/01/1900
SRX1469616,NA,NA,NA,SEQUENCING,SRP057244,NextSeq 500,FALSE,SEQUENCING,NA,NA,NA,NA,TRUE,,,01/01/1900
SRX1469617,NA,NA,NA,SEQUENCING,SRP057244,Illumina MiSeq,FALSE,SEQUENCING,NA,NA,NA,NA,TRUE,,,01/01/1900
SRX1469618,NA,NA,NA,SEQUENCING,SRP057244,NextSeq 500,FALSE,SEQUENCING,NA,NA,NA,NA,TRUE,,,01/01/1900
SRX1469619,NA,NA,NA,SEQUENCING,SRP057244,Illumina MiSeq,FALSE,SEQUENCING,NA,NA,NA,NA,TRUE,,,01/01/1900
SRX1469620,NA,NA,NA,SEQUENCING,SRP057244,NextSeq 500,FALSE,SEQUENCING,NA,NA,NA,NA,TRUE,,,01/01/1900
SRX1469621,NA,NA,NA,SEQUENCING,SRP057244,Illumina MiSeq,FALSE,SEQUENCING,NA,NA,NA,NA,TRUE,,,01/01/1900
SRX1469622,NA,NA,NA,SEQUENCING,SRP057244,NextSeq 500,FALSE,SEQUENCING,NA,NA,NA,NA,TRUE,,,01/01/1900
SRX1469623,NA,NA,NA,SEQUENCING,SRP057244,Illumina MiSeq,FALSE,SEQUENCING,NA,NA,NA,NA,TRUE,,,01/01/1900
SRX1469624,NA,NA,NA,SEQUENCING,SRP057244,NextSeq 500,FALSE,SEQUENCING,NA,NA,NA,NA,TRUE,,,01/01/1900
SRX1469625,NA,NA,NA,SEQUENCING,SRP057244,NextSeq 500,FALSE,SEQUENCING,NA,NA,NA,NA,TRUE,,,01/01/1900
SRX1469626,NA,NA,NA,SEQUENCING,SRP057244,NextSeq 500,FALSE,SEQUENCING,NA,NA,NA,NA,TRUE,,,01/01/1900
SRX1469627,NA,NA,NA,SEQUENCING,SRP057244,NextSeq 500,FALSE,SEQUENCING,NA,NA,NA,NA,TRUE,,,01/01/1900
SRX1469628,NA,NA,NA,SEQUENCING,SRP057244,NextSeq 500,FALSE,SEQUENCING,NA,NA,NA,NA,TRUE,,,01/01/1900
SRX1469629,NA,NA,NA,SEQUENCING,SRP057244,NextSeq 500,FALSE,SEQUENCING,NA,NA,NA,NA,TRUE,,,01/01/1900
SRX1469630,NA,NA,NA,SEQUENCING,SRP057244,NextSeq 500,FALSE,SEQUENCING,NA,NA,NA,NA,TRUE,,,01/01/1900
SRX1469631,NA,NA,NA,SEQUENCING,SRP057244,NextSeq 500,FALSE,SEQUENCING,NA,NA,NA,NA,TRUE,,,01/01/1900
SRX1469632,NA,NA,NA,SEQUENCING,SRP057244,NextSeq 500,FALSE,SEQUENCING,NA,NA,NA,NA,TRUE,,,01/01/1900
SRX1469633,NA,NA,NA,SEQUENCING,SRP057244,Illumina MiSeq,FALSE,SEQUENCING,NA,NA,NA,NA,TRUE,,,01/01/1900
SRX1469634,NA,NA,NA,SEQUENCING,SRP057244,NextSeq 500,FALSE,SEQUENCING,NA,NA,NA,NA,TRUE,,,01/01/1900
SRX1469635,NA,NA,NA,SEQUENCING,SRP057244,Illumina MiSeq,FALSE,SEQUENCING,NA,NA,NA,NA,TRUE,,,01/01/1900
SRX1469636,NA,NA,NA,SEQUENCING,SRP057244,NextSeq 500,FALSE,SEQUENCING,NA,NA,NA,NA,TRUE,,,01/01/1900
SRX1469637,NA,NA,NA,SEQUENCING,SRP057244,Illumina MiSeq,FALSE,SEQUENCING,NA,NA,NA,NA,TRUE,,,01/01/1900
SRX1469638,NA,NA,NA,SEQUENCING,SRP057244,NextSeq 500,FALSE,SEQUENCING,NA,NA,NA,NA,TRUE,,,01/01/1900
SRX1469639,NA,NA,NA,SEQUENCING,SRP057244,NextSeq 500,FALSE,SEQUENCING,NA,NA,NA,NA,TRUE,,,01/01/1900
SRX1469640,NA,NA,NA,SEQUENCING,SRP057244,NextSeq 500,FALSE,SEQUENCING,NA,NA,NA,NA,TRUE,,,01/01/1900
SRX1469641,NA,NA,NA,SEQUENCING,SRP057244,NextSeq 500,FALSE,SEQUENCING,NA,NA,NA,NA,TRUE,,,01/01/1900
SRX1469642,NA,NA,NA,SEQUENCING,SRP057244,NextSeq 500,FALSE,SEQUENCING,NA,NA,NA,NA,TRUE,,,01/01/1900
SRX1469643,NA,NA,NA,SEQUENCING,SRP057244,NextSeq 500,FALSE,SEQUENCING,NA,NA,NA,NA,TRUE,,,01/01/1900
SRX1469644,NA,NA,NA,SEQUENCING,SRP057244,NextSeq 500,FALSE,SEQUENCING,NA,NA,NA,NA,TRUE,,,01/01/1900
SRX1469645,NA,NA,NA,SEQUENCING,SRP057244,NextSeq 500,FALSE,SEQUENCING,NA,NA,NA,NA,TRUE,,,01/01/1900
SRX1469646,NA,NA,NA,SEQUENCING,SRP057244,NextSeq 500,FALSE,SEQUENCING,NA,NA,NA,NA,TRUE,,,01/01/1900
SRX1469647,NA,NA,NA,SEQUENCING,SRP057244,NextSeq 500,FALSE,SEQUENCING,NA,NA,NA,NA,TRUE,,,01/01/1900
SRX1469648,NA,NA,NA,SEQUENCING,SRP057244,NextSeq 500,FALSE,SEQUENCING,NA,NA,NA,NA,TRUE,,,01/01/1900
SRX1469649,NA,NA,NA,SEQUENCING,SRP057244,NextSeq 500,FALSE,SEQUENCING,NA,NA,NA,NA,TRUE,,,01/01/1900
SRX1469650,NA,NA,NA,SEQUENCING,SRP057244,NextSeq 500,FALSE,SEQUENCING,NA,NA,NA,NA,TRUE,,,01/01/1900
SRX1469651,NA,NA,NA,SEQUENCING,SRP057244,NextSeq 500,FALSE,SEQUENCING,NA,NA,NA,NA,TRUE,,,01/01/1900
SRX1469652,NA,NA,NA,SEQUENCING,SRP057244,NextSeq 500,FALSE,SEQUENCING,NA,NA,NA,NA,TRUE,,,01/01/1900
SRX1469653,NA,NA,NA,SEQUENCING,SRP057244,NextSeq 500,FALSE,SEQUENCING,NA,NA,NA,NA,TRUE,,,01/01/1900
SRX1469654,NA,NA,NA,SEQUENCING,SRP057244,NextSeq 500,FALSE,SEQUENCING,NA,NA,NA,NA,TRUE,,,01/01/1900
SRX1469655,NA,NA,NA,SEQUENCING,SRP057244,NextSeq 500,FALSE,SEQUENCING,NA,NA,NA,NA,TRUE,,,01/01/1900
SRX1469656,NA,NA,NA,SEQUENCING,SRP057244,NextSeq 500,FALSE,SEQUENCING,NA,NA,NA,NA,TRUE,,,01/01/1900
SRX1469657,NA,NA,NA,SEQUENCING,SRP057244,NextSeq 500,FALSE,SEQUENCING,NA,NA,NA,NA,TRUE,,,01/01/1900
SRX1469658,NA,NA,NA,SEQUENCING,SRP057244,NextSeq 500,FALSE,SEQUENCING,NA,NA,NA,NA,TRUE,,,01/01/1900
SRX1469659,NA,NA,NA,SEQUENCING,SRP057244,NextSeq 500,FALSE,SEQUENCING,NA,NA,NA,NA,TRUE,,,01/01/1900
SRX1469660,NA,NA,NA,SEQUENCING,SRP057244,NextSeq 500,FALSE,SEQUENCING,NA,NA,NA,NA,TRUE,,,01/01/1900
SRX1469661,NA,NA,NA,SEQUENCING,SRP057244,NextSeq 500,FALSE,SEQUENCING,NA,NA,NA,NA,TRUE,,,01/01/1900
SRX1469662,NA,NA,NA,SEQUENCING,SRP057244,NextSeq 500,FALSE,SEQUENCING,NA,NA,NA,NA,TRUE,,,01/01/1900
SRX1469663,NA,NA,NA,SEQUENCING,SRP057244,Illumina MiSeq,FALSE,SEQUENCING,NA,NA,NA,NA,TRUE,,,01/01/1900
SRX1469664,NA,NA,NA,SEQUENCING,SRP057244,NextSeq 500,FALSE,SEQUENCING,NA,NA,NA,NA,TRUE,,,01/01/1900
SRX1469665,NA,NA,NA,SEQUENCING,SRP057244,Illumina MiSeq,FALSE,SEQUENCING,NA,NA,NA,NA,TRUE,,,01/01/1900
SRX1469666,NA,NA,NA,SEQUENCING,SRP057244,NextSeq 500,FALSE,SEQUENCING,NA,NA,NA,NA,TRUE,,,01/01/1900
SRX1469667,NA,NA,NA,SEQUENCING,SRP057244,Illumina MiSeq,FALSE,SEQUENCING,NA,NA,NA,NA,TRUE,,,01/01/1900
SRX1469668,NA,NA,NA,SEQUENCING,SRP057244,NextSeq 500,FALSE,SEQUENCING,NA,NA,NA,NA,TRUE,,,01/01/1900
SRX1469669,NA,NA,NA,SEQUENCING,SRP057244,Illumina MiSeq,FALSE,SEQUENCING,NA,NA,NA,NA,TRUE,,,01/01/1900
SRX1469670,NA,NA,NA,SEQUENCING,SRP057244,NextSeq 500,FALSE,SEQUENCING,NA,NA,NA,NA,TRUE,,,01/01/1900
SRX1469671,NA,NA,NA,SEQUENCING,SRP057244,Illumina MiSeq,FALSE,SEQUENCING,NA,NA,NA,NA,TRUE,,,01/01/1900
SRX1469672,NA,NA,NA,SEQUENCING,SRP057244,NextSeq 500,FALSE,SEQUENCING,NA,NA,NA,NA,TRUE,,,01/01/1900
SRX1469673,NA,NA,NA,SEQUENCING,SRP057244,Illumina MiSeq,FALSE,SEQUENCING,NA,NA,NA,NA,TRUE,,,01/01/1900
SRX1469674,NA,NA,NA,SEQUENCING,SRP057244,NextSeq 500,FALSE,SEQUENCING,NA,NA,NA,NA,TRUE,,,01/01/1900
SRX1469675,NA,NA,NA,SEQUENCING,SRP057244,Illumina HiSeq 2000,FALSE,SEQUENCING,NA,NA,NA,NA,TRUE,,,01/01/1900
SRX1469676,NA,NA,NA,SEQUENCING,SRP057244,NextSeq 500,FALSE,SEQUENCING,NA,NA,NA,NA,TRUE,,,01/01/1900
SRX1469677,NA,NA,NA,SEQUENCING,SRP057244,Illumina HiSeq 2000,FALSE,SEQUENCING,NA,NA,NA,NA,TRUE,,,01/01/1900
SRX1469678,NA,NA,NA,SEQUENCING,SRP057244,NextSeq 500,FALSE,SEQUENCING,NA,NA,NA,NA,TRUE,,,01/01/1900
SRX1469679,NA,NA,NA,SEQUENCING,SRP057244,Illumina HiSeq 2000,FALSE,SEQUENCING,NA,NA,NA,NA,TRUE,,,01/01/1900
SRX1469680,NA,NA,NA,SEQUENCING,SRP057244,NextSeq 500,FALSE,SEQUENCING,NA,NA,NA,NA,TRUE,,,01/01/1900
SRX1469681,NA,NA,NA,SEQUENCING,SRP057244,Illumina MiSeq,FALSE,SEQUENCING,NA,NA,NA,NA,TRUE,,,01/01/1900
SRX1469682,NA,NA,NA,SEQUENCING,SRP057244,NextSeq 500,FALSE,SEQUENCING,NA,NA,NA,NA,TRUE,,,01/01/1900
SRX1469683,NA,NA,NA,SEQUENCING,SRP057244,Illumina MiSeq,FALSE,SEQUENCING,NA,NA,NA,NA,TRUE,,,01/01/1900
SRX1469684,NA,NA,NA,SEQUENCING,SRP057244,NextSeq 500,FALSE,SEQUENCING,NA,NA,NA,NA,TRUE,,,01/01/1900
SRX1469685,NA,NA,NA,SEQUENCING,SRP057244,Illumina MiSeq,FALSE,SEQUENCING,NA,NA,NA,NA,TRUE,,,01/01/1900
SRX1469686,NA,NA,NA,SEQUENCING,SRP057244,NextSeq 500,FALSE,SEQUENCING,NA,NA,NA,NA,TRUE,,,01/01/1900
SRX1469699,NA,NA,NA,SEQUENCING,SRP057247,NextSeq 500,FALSE,SEQUENCING,NA,NA,NA,NA,TRUE,,,01/01/1900
SRX1469700,NA,NA,NA,SEQUENCING,SRP057247,NextSeq 500,FALSE,SEQUENCING,NA,NA,NA,NA,TRUE,,,01/01/1900
SRX1469701,NA,NA,NA,SEQUENCING,SRP057247,NextSeq 500,FALSE,SEQUENCING,NA,NA,NA,NA,TRUE,,,01/01/1900
SRX1469702,NA,NA,NA,SEQUENCING,SRP057247,NextSeq 500,FALSE,SEQUENCING,NA,NA,NA,NA,TRUE,,,01/01/1900
SRX1469703,NA,NA,NA,SEQUENCING,SRP057247,NextSeq 500,FALSE,SEQUENCING,NA,NA,NA,NA,TRUE,,,01/01/1900
SRX1469704,NA,NA,NA,SEQUENCING,SRP057247,NextSeq 500,FALSE,SEQUENCING,NA,NA,NA,NA,TRUE,,,01/01/1900
SRX1469705,NA,NA,NA,SEQUENCING,SRP057247,NextSeq 500,FALSE,SEQUENCING,NA,NA,NA,NA,TRUE,,,01/01/1900
SRX1469706,NA,NA,NA,SEQUENCING,SRP057247,NextSeq 500,FALSE,SEQUENCING,NA,NA,NA,NA,TRUE,,,01/01/1900
SRX1469707,NA,NA,NA,SEQUENCING,SRP057247,NextSeq 500,FALSE,SEQUENCING,NA,NA,NA,NA,TRUE,,,01/01/1900
SRX1469708,NA,NA,NA,SEQUENCING,SRP057247,NextSeq 500,FALSE,SEQUENCING,NA,NA,NA,NA,TRUE,,,01/01/1900
SRX1469709,NA,NA,NA,SEQUENCING,SRP057247,NextSeq 500,FALSE,SEQUENCING,NA,NA,NA,NA,TRUE,,,01/01/1900
SRX1469710,NA,NA,NA,SEQUENCING,SRP057247,NextSeq 500,FALSE,SEQUENCING,NA,NA,NA,NA,TRUE,,,01/01/1900
SRX1469711,NA,NA,NA,SEQUENCING,SRP057247,NextSeq 500,FALSE,SEQUENCING,NA,NA,NA,NA,TRUE,,,01/01/1900
SRX1469712,NA,NA,NA,SEQUENCING,SRP057247,NextSeq 500,FALSE,SEQUENCING,NA,NA,NA,NA,TRUE,,,01/01/1900
SRX1469713,NA,NA,NA,SEQUENCING,SRP057247,NextSeq 500,FALSE,SEQUENCING,NA,NA,NA,NA,TRUE,,,01/01/1900
SRX1469714,NA,NA,NA,SEQUENCING,SRP057247,NextSeq 500,FALSE,SEQUENCING,NA,NA,NA,NA,TRUE,,,01/01/1900
SRX1469715,NA,NA,NA,SEQUENCING,SRP057247,NextSeq 500,FALSE,SEQUENCING,NA,NA,NA,NA,TRUE,,,01/01/1900
SRX1469716,NA,NA,NA,SEQUENCING,SRP057247,NextSeq 500,FALSE,SEQUENCING,NA,NA,NA,NA,TRUE,,,01/01/1900
SRX1469717,NA,NA,NA,SEQUENCING,SRP057247,NextSeq 500,FALSE,SEQUENCING,NA,NA,NA,NA,TRUE,,,01/01/1900
SRX1469718,NA,NA,NA,SEQUENCING,SRP057247,NextSeq 500,FALSE,SEQUENCING,NA,NA,NA,NA,TRUE,,,01/01/1900
SRX1469719,NA,NA,NA,SEQUENCING,SRP057247,NextSeq 500,FALSE,SEQUENCING,NA,NA,NA,NA,TRUE,,,01/01/1900
SRX1469720,NA,NA,NA,SEQUENCING,SRP057247,NextSeq 500,FALSE,SEQUENCING,NA,NA,NA,NA,TRUE,,,01/01/1900
SRX1469721,NA,NA,NA,SEQUENCING,SRP057247,NextSeq 500,FALSE,SEQUENCING,NA,NA,NA,NA,TRUE,,,01/01/1900
SRX1469722,NA,NA,NA,SEQUENCING,SRP057247,NextSeq 500,FALSE,SEQUENCING,NA,NA,NA,NA,TRUE,,,01/01/1900
SRX1469723,NA,NA,NA,SEQUENCING,SRP057247,NextSeq 500,FALSE,SEQUENCING,NA,NA,NA,NA,TRUE,,,01/01/1900
SRX1469724,NA,NA,NA,SEQUENCING,SRP057247,NextSeq 500,FALSE,SEQUENCING,NA,NA,NA,NA,TRUE,,,01/01/1900
SRX1469725,NA,NA,NA,SEQUENCING,SRP057247,NextSeq 500,FALSE,SEQUENCING,NA,NA,NA,NA,TRUE,,,01/01/1900
SRX1469726,NA,NA,NA,SEQUENCING,SRP057247,NextSeq 500,FALSE,SEQUENCING,NA,NA,NA,NA,TRUE,,,01/01/1900
SRX1469727,NA,NA,NA,SEQUENCING,SRP057247,NextSeq 500,FALSE,SEQUENCING,NA,NA,NA,NA,TRUE,,,01/01/1900
SRX1469728,NA,NA,NA,SEQUENCING,SRP057247,NextSeq 500,FALSE,SEQUENCING,NA,NA,NA,NA,TRUE,,,01/01/1900
SRX1469729,NA,NA,NA,SEQUENCING,SRP057247,NextSeq 500,FALSE,SEQUENCING,NA,NA,NA,NA,TRUE,,,01/01/1900
SRX1469730,NA,NA,NA,SEQUENCING,SRP057247,NextSeq 500,FALSE,SEQUENCING,NA,NA,NA,NA,TRUE,,,01/01/1900
SRX1469731,NA,NA,NA,SEQUENCING,SRP057247,NextSeq 500,FALSE,SEQUENCING,NA,NA,NA,NA,TRUE,,,01/01/1900
SRX1470891,NA,NA,NA,SEQUENCING,SRP057246,NextSeq 500,FALSE,SEQUENCING,NA,NA,NA,NA,TRUE,,,01/01/1900
SRX1470892,NA,NA,NA,SEQUENCING,SRP057246,NextSeq 500,FALSE,SEQUENCING,NA,NA,NA,NA,TRUE,,,01/01/1900
SRX1470893,NA,NA,NA,SEQUENCING,SRP057246,NextSeq 500,FALSE,SEQUENCING,NA,NA,NA,NA,TRUE,,,01/01/1900
SRX1470894,NA,NA,NA,SEQUENCING,SRP057246,NextSeq 500,FALSE,SEQUENCING,NA,NA,NA,NA,TRUE,,,01/01/1900
SRX1470895,NA,NA,NA,SEQUENCING,SRP057246,NextSeq 500,FALSE,SEQUENCING,NA,NA,NA,NA,TRUE,,,01/01/1900
SRX1470896,NA,NA,NA,SEQUENCING,SRP057246,NextSeq 500,FALSE,SEQUENCING,NA,NA,NA,NA,TRUE,,,01/01/1900
SRX1470897,NA,NA,NA,SEQUENCING,SRP057246,NextSeq 500,FALSE,SEQUENCING,NA,NA,NA,NA,TRUE,,,01/01/1900
SRX1470898,NA,NA,NA,SEQUENCING,SRP057246,NextSeq 500,FALSE,SEQUENCING,NA,NA,NA,NA,TRUE,,,01/01/1900
SRX1470899,NA,NA,NA,SEQUENCING,SRP057246,NextSeq 500,FALSE,SEQUENCING,NA,NA,NA,NA,TRUE,,,01/01/1900
SRX1470900,NA,NA,NA,SEQUENCING,SRP057246,NextSeq 500,FALSE,SEQUENCING,NA,NA,NA,NA,TRUE,,,01/01/1900
SRX1470901,NA,NA,NA,SEQUENCING,SRP057246,NextSeq 500,FALSE,SEQUENCING,NA,NA,NA,NA,TRUE,,,01/01/1900
SRX1470902,NA,NA,NA,SEQUENCING,SRP057246,NextSeq 500,FALSE,SEQUENCING,NA,NA,NA,NA,TRUE,,,01/01/1900
SRX1470903,NA,NA,NA,SEQUENCING,SRP057246,NextSeq 500,FALSE,SEQUENCING,NA,NA,NA,NA,TRUE,,,01/01/1900
SRX1470904,NA,NA,NA,SEQUENCING,SRP057246,NextSeq 500,FALSE,SEQUENCING,NA,NA,NA,NA,TRUE,,,01/01/1900
SRX1470905,NA,NA,NA,SEQUENCING,SRP057246,NextSeq 500,FALSE,SEQUENCING,NA,NA,NA,NA,TRUE,,,01/01/1900
SRX1470906,NA,NA,NA,SEQUENCING,SRP057246,NextSeq 500,FALSE,SEQUENCING,NA,NA,NA,NA,TRUE,,,01/01/1900
SRX1470907,NA,NA,NA,SEQUENCING,SRP057246,NextSeq 500,FALSE,SEQUENCING,NA,NA,NA,NA,TRUE,,,01/01/1900
SRX1470908,NA,NA,NA,SEQUENCING,SRP057246,NextSeq 500,FALSE,SEQUENCING,NA,NA,NA,NA,TRUE,,,01/01/1900
SRX1470912,NA,NA,NA,SEQUENCING,SRP057250,Illumina HiSeq 2000,FALSE,SEQUENCING,NA,NA,NA,NA,TRUE,,,01/01/1900
SRX1470913,NA,NA,NA,SEQUENCING,SRP057250,Illumina HiSeq 2000,FALSE,SEQUENCING,NA,NA,NA,NA,TRUE,,,01/01/1900
SRX1470914,NA,NA,NA,SEQUENCING,SRP057250,NextSeq 500,FALSE,SEQUENCING,NA,NA,NA,NA,TRUE,,,01/01/1900
SRX1470915,NA,NA,NA,SEQUENCING,SRP057250,Illumina HiSeq 2000,FALSE,SEQUENCING,NA,NA,NA,NA,TRUE,,,01/01/1900
SRX1470916,NA,NA,NA,SEQUENCING,SRP057250,Illumina HiSeq 2000,FALSE,SEQUENCING,NA,NA,NA,NA,TRUE,,,01/01/1900
SRX1470917,NA,NA,NA,SEQUENCING,SRP057250,NextSeq 500,FALSE,SEQUENCING,NA,NA,NA,NA,TRUE,,,01/01/1900
SRX1470918,NA,NA,NA,SEQUENCING,SRP057250,Illumina HiSeq 2000,FALSE,SEQUENCING,NA,NA,NA,NA,TRUE,,,01/01/1900
SRX1470919,NA,NA,NA,SEQUENCING,SRP057250,Illumina HiSeq 2000,FALSE,SEQUENCING,NA,NA,NA,NA,TRUE,,,01/01/1900
SRX1470920,NA,NA,NA,SEQUENCING,SRP057250,NextSeq 500,FALSE,SEQUENCING,NA,NA,NA,NA,TRUE,,,01/01/1900
SRX1470921,NA,NA,NA,SEQUENCING,SRP057250,Illumina HiSeq 2000,FALSE,SEQUENCING,NA,NA,NA,NA,TRUE,,,01/01/1900
SRX1470922,NA,NA,NA,SEQUENCING,SRP057250,Illumina HiSeq 2000,FALSE,SEQUENCING,NA,NA,NA,NA,TRUE,,,01/01/1900
SRX1470923,NA,NA,NA,SEQUENCING,SRP057250,NextSeq 500,FALSE,SEQUENCING,NA,NA,NA,NA,TRUE,,,01/01/1900
SRX1470924,NA,NA,NA,SEQUENCING,SRP057250,Illumina HiSeq 2000,FALSE,SEQUENCING,NA,NA,NA,NA,TRUE,,,01/01/1900
SRX1470925,NA,NA,NA,SEQUENCING,SRP057250,Illumina HiSeq 2000,FALSE,SEQUENCING,NA,NA,NA,NA,TRUE,,,01/01/1900
SRX1470926,NA,NA,NA,SEQUENCING,SRP057250,NextSeq 500,FALSE,SEQUENCING,NA,NA,NA,NA,TRUE,,,01/01/1900
SRX1470927,NA,NA,NA,SEQUENCING,SRP057250,Illumina HiSeq 2000,FALSE,SEQUENCING,NA,NA,NA,NA,TRUE,,,01/01/1900
SRX1470928,NA,NA,NA,SEQUENCING,SRP057250,Illumina HiSeq 2000,FALSE,SEQUENCING,NA,NA,NA,NA,TRUE,,,01/01/1900
SRX1470929,NA,NA,NA,SEQUENCING,SRP057250,NextSeq 500,FALSE,SEQUENCING,NA,NA,NA,NA,TRUE,,,01/01/1900
SRX1470930,NA,NA,NA,SEQUENCING,SRP057250,Illumina HiSeq 2000,FALSE,SEQUENCING,NA,NA,NA,NA,TRUE,,,01/01/1900
SRX1470931,NA,NA,NA,SEQUENCING,SRP057250,Illumina HiSeq 2000,FALSE,SEQUENCING,NA,NA,NA,NA,TRUE,,,01/01/1900
SRX1470932,NA,NA,NA,SEQUENCING,SRP057250,NextSeq 500,FALSE,SEQUENCING,NA,NA,NA,NA,TRUE,,,01/01/1900
SRX1470933,NA,NA,NA,SEQUENCING,SRP057250,Illumina HiSeq 2000,FALSE,SEQUENCING,NA,NA,NA,NA,TRUE,,,01/01/1900
SRX1470934,NA,NA,NA,SEQUENCING,SRP057250,Illumina HiSeq 2000,FALSE,SEQUENCING,NA,NA,NA,NA,TRUE,,,01/01/1900
SRX1470935,NA,NA,NA,SEQUENCING,SRP057250,NextSeq 500,FALSE,SEQUENCING,NA,NA,NA,NA,TRUE,,,01/01/1900
SRX1470936,NA,NA,NA,SEQUENCING,SRP057250,Illumina HiSeq 2000,FALSE,SEQUENCING,NA,NA,NA,NA,TRUE,,,01/01/1900
SRX1470937,NA,NA,NA,SEQUENCING,SRP057250,Illumina HiSeq 2000,FALSE,SEQUENCING,NA,NA,NA,NA,TRUE,,,01/01/1900
SRX1470938,NA,NA,NA,SEQUENCING,SRP057250,NextSeq 500,FALSE,SEQUENCING,NA,NA,NA,NA,TRUE,,,01/01/1900
SRX1470939,NA,NA,NA,SEQUENCING,SRP057250,Illumina HiSeq 2000,FALSE,SEQUENCING,NA,NA,NA,NA,TRUE,,,01/01/1900
SRX1470940,NA,NA,NA,SEQUENCING,SRP057250,Illumina HiSeq 2000,FALSE,SEQUENCING,NA,NA,NA,NA,TRUE,,,01/01/1900
SRX1470941,NA,NA,NA,SEQUENCING,SRP057250,NextSeq 500,FALSE,SEQUENCING,NA,NA,NA,NA,TRUE,,,01/01/1900
SRX1470942,NA,NA,NA,SEQUENCING,SRP057250,Illumina HiSeq 2000,FALSE,SEQUENCING,NA,NA,NA,NA,TRUE,,,01/01/1900
SRX1470943,NA,NA,NA,SEQUENCING,SRP057250,Illumina HiSeq 2000,FALSE,SEQUENCING,NA,NA,NA,NA,TRUE,,,01/01/1900
SRX1470944,NA,NA,NA,SEQUENCING,SRP057250,NextSeq 500,FALSE,SEQUENCING,NA,NA,NA,NA,TRUE,,,01/01/1900
SRX1470945,NA,NA,NA,SEQUENCING,SRP057250,Illumina HiSeq 2000,FALSE,SEQUENCING,NA,NA,NA,NA,TRUE,,,01/01/1900
SRX1470946,NA,NA,NA,SEQUENCING,SRP057250,Illumina HiSeq 2000,FALSE,SEQUENCING,NA,NA,NA,NA,TRUE,,,01/01/1900
SRX1470947,NA,NA,NA,SEQUENCING,SRP057250,NextSeq 500,FALSE,SEQUENCING,NA,NA,NA,NA,TRUE,,,01/01/1900
SRX1470948,NA,NA,NA,SEQUENCING,SRP057250,Illumina HiSeq 2000,FALSE,SEQUENCING,NA,NA,NA,NA,TRUE,,,01/01/1900
SRX1470949,NA,NA,NA,SEQUENCING,SRP057250,Illumina HiSeq 2000,FALSE,SEQUENCING,NA,NA,NA,NA,TRUE,,,01/01/1900
SRX1470950,NA,NA,NA,SEQUENCING,SRP057250,NextSeq 500,FALSE,SEQUENCING,NA,NA,NA,NA,TRUE,,,01/01/1900
SRX1470951,NA,NA,NA,SEQUENCING,SRP057250,Illumina HiSeq 2000,FALSE,SEQUENCING,NA,NA,NA,NA,TRUE,,,01/01/1900
SRX1470952,NA,NA,NA,SEQUENCING,SRP057250,Illumina HiSeq 2000,FALSE,SEQUENCING,NA,NA,NA,NA,TRUE,,,01/01/1900
SRX1470953,NA,NA,NA,SEQUENCING,SRP057250,NextSeq 500,FALSE,SEQUENCING,NA,NA,NA,NA,TRUE,,,01/01/1900
SRX1638989,NA,NA,NA,SEQUENCING,SRP071896,Illumina HiSeq 2000,FALSE,SEQUENCING,NA,NA,NA,NA,TRUE,,,01/01/1900
SRX1638990,NA,NA,NA,SEQUENCING,SRP071896,Illumina HiSeq 2000,FALSE,SEQUENCING,NA,NA,NA,NA,TRUE,,,01/01/1900
SRX1638991,NA,NA,NA,SEQUENCING,SRP071896,Illumina HiSeq 2000,FALSE,SEQUENCING,NA,NA,NA,NA,TRUE,,,01/01/1900
SRX1638992,NA,NA,NA,SEQUENCING,SRP071896,Illumina HiSeq 2000,FALSE,SEQUENCING,NA,NA,NA,NA,TRUE,,,01/01/1900
SRX1638993,NA,NA,NA,SEQUENCING,SRP071896,Illumina HiSeq 2000,FALSE,SEQUENCING,NA,NA,NA,NA,TRUE,,,01/01/1900
SRX1638994,NA,NA,NA,SEQUENCING,SRP071896,Illumina HiSeq 2000,FALSE,SEQUENCING,NA,NA,NA,NA,TRUE,,,01/01/1900
SRX1638995,NA,NA,NA,SEQUENCING,SRP071896,Illumina HiSeq 2000,FALSE,SEQUENCING,NA,NA,NA,NA,TRUE,,,01/01/1900
SRX1638996,NA,NA,NA,SEQUENCING,SRP071896,Illumina HiSeq 2000,FALSE,SEQUENCING,NA,NA,NA,NA,TRUE,,,01/01/1900
SRX1638997,NA,NA,NA,SEQUENCING,SRP071896,Illumina HiSeq 2000,FALSE,SEQUENCING,NA,NA,NA,NA,TRUE,,,01/01/1900
SRX1638998,NA,NA,NA,SEQUENCING,SRP071896,Illumina HiSeq 2000,FALSE,SEQUENCING,NA,NA,NA,NA,TRUE,,,01/01/1900
SRX1638999,NA,NA,NA,SEQUENCING,SRP071896,Illumina HiSeq 2000,FALSE,SEQUENCING,NA,NA,NA,NA,TRUE,,,01/01/1900
SRX1639000,NA,NA,NA,SEQUENCING,SRP071896,Illumina HiSeq 2000,FALSE,SEQUENCING,NA,NA,NA,NA,TRUE,,,01/01/1900
SRX1639001,NA,NA,NA,SEQUENCING,SRP071896,Illumina HiSeq 2000,FALSE,SEQUENCING,NA,NA,NA,NA,TRUE,,,01/01/1900
SRX1639002,NA,NA,NA,SEQUENCING,SRP071896,Illumina HiSeq 2000,FALSE,SEQUENCING,NA,NA,NA,NA,TRUE,,,01/01/1900
SRX1639003,NA,NA,NA,SEQUENCING,SRP071896,Illumina HiSeq 2000,FALSE,SEQUENCING,NA,NA,NA,NA,TRUE,,,01/01/1900
SRX1639004,NA,NA,NA,SEQUENCING,SRP071896,Illumina HiSeq 2000,FALSE,SEQUENCING,NA,NA,NA,NA,TRUE,,,01/01/1900
SRX1639005,NA,NA,NA,SEQUENCING,SRP071896,Illumina HiSeq 2000,FALSE,SEQUENCING,NA,NA,NA,NA,TRUE,,,01/01/1900
SRX1639006,NA,NA,NA,SEQUENCING,SRP071896,Illumina HiSeq 2000,FALSE,SEQUENCING,NA,NA,NA,NA,TRUE,,,01/01/1900
SRX1639007,NA,NA,NA,SEQUENCING,SRP071896,Illumina HiSeq 2000,FALSE,SEQUENCING,NA,NA,NA,NA,TRUE,,,01/01/1900
SRX1639008,NA,NA,NA,SEQUENCING,SRP071896,Illumina HiSeq 2000,FALSE,SEQUENCING,NA,NA,NA,NA,TRUE,,,01/01/1900
SRX1639009,NA,NA,NA,SEQUENCING,SRP071896,Illumina HiSeq 2000,FALSE,SEQUENCING,NA,NA,NA,NA,TRUE,,,01/01/1900
SRX1639010,NA,NA,NA,SEQUENCING,SRP071896,Illumina HiSeq 2000,FALSE,SEQUENCING,NA,NA,NA,NA,TRUE,,,01/01/1900
SRX1639011,NA,NA,NA,SEQUENCING,SRP071896,Illumina HiSeq 2000,FALSE,SEQUENCING,NA,NA,NA,NA,TRUE,,,01/01/1900
SRX1639012,NA,NA,NA,SEQUENCING,SRP071896,Illumina HiSeq 2000,FALSE,SEQUENCING,NA,NA,NA,NA,TRUE,,,01/01/1900
SRX1639013,NA,NA,NA,SEQUENCING,SRP071896,Illumina HiSeq 2000,FALSE,SEQUENCING,NA,NA,NA,NA,TRUE,,,01/01/1900
SRX1639014,NA,NA,NA,SEQUENCING,SRP071896,Illumina HiSeq 2000,FALSE,SEQUENCING,NA,NA,NA,NA,TRUE,,,01/01/1900
SRX1639015,NA,NA,NA,SEQUENCING,SRP071896,Illumina HiSeq 2000,FALSE,SEQUENCING,NA,NA,NA,NA,TRUE,,,01/01/1900
SRX1639016,NA,NA,NA,SEQUENCING,SRP071896,Illumina HiSeq 2000,FALSE,SEQUENCING,NA,NA,NA,NA,TRUE,,,01/01/1900
SRX2255480,NA,NA,NA,SEQUENCING,SRP091888,Illumina HiSeq 3000,FALSE,SEQUENCING,NA,NA,NA,NA,TRUE,,,01/01/1900
SRX2255481,NA,NA,NA,SEQUENCING,SRP091888,Illumina HiSeq 3000,FALSE,SEQUENCING,NA,NA,NA,NA,TRUE,,,01/01/1900
SRX2255482,NA,NA,NA,SEQUENCING,SRP091888,Illumina HiSeq 3000,FALSE,SEQUENCING,NA,NA,NA,NA,TRUE,,,01/01/1900
SRX2255483,NA,NA,NA,SEQUENCING,SRP091888,Illumina HiSeq 3000,FALSE,SEQUENCING,NA,NA,NA,NA,TRUE,,,01/01/1900
SRX2255484,NA,NA,NA,SEQUENCING,SRP091888,Illumina HiSeq 3000,FALSE,SEQUENCING,NA,NA,NA,NA,TRUE,,,01/01/1900
SRX2255485,NA,NA,NA,SEQUENCING,SRP091888,Illumina HiSeq 3000,FALSE,SEQUENCING,NA,NA,NA,NA,TRUE,,,01/01/1900
SRX2255486,NA,NA,NA,SEQUENCING,SRP091888,Illumina HiSeq 3000,FALSE,SEQUENCING,NA,NA,NA,NA,TRUE,,,01/01/1900
SRX2255487,NA,NA,NA,SEQUENCING,SRP091888,Illumina HiSeq 3000,FALSE,SEQUENCING,NA,NA,NA,NA,TRUE,,,01/01/1900
SRX2255488,NA,NA,NA,SEQUENCING,SRP091888,Illumina HiSeq 3000,FALSE,SEQUENCING,NA,NA,NA,NA,TRUE,,,01/01/1900
SRX2255489,NA,NA,NA,SEQUENCING,SRP091888,Illumina HiSeq 3000,FALSE,SEQUENCING,NA,NA,NA,NA,TRUE,,,01/01/1900
SRX2255490,NA,NA,NA,SEQUENCING,SRP091888,Illumina HiSeq 3000,FALSE,SEQUENCING,NA,NA,NA,NA,TRUE,,,01/01/1900
SRX2255491,NA,NA,NA,SEQUENCING,SRP091888,Illumina HiSeq 3000,FALSE,SEQUENCING,NA,NA,NA,NA,TRUE,,,01/01/1900
SRX2255492,NA,NA,NA,SEQUENCING,SRP091888,Illumina HiSeq 3000,FALSE,SEQUENCING,NA,NA,NA,NA,TRUE,,,01/01/1900
SRX2255493,NA,NA,NA,SEQUENCING,SRP091888,Illumina HiSeq 3000,FALSE,SEQUENCING,NA,NA,NA,NA,TRUE,,,01/01/1900
SRX2255494,NA,NA,NA,SEQUENCING,SRP091888,Illumina HiSeq 3000,FALSE,SEQUENCING,NA,NA,NA,NA,TRUE,,,01/01/1900
SRX2255495,NA,NA,NA,SEQUENCING,SRP091888,Illumina HiSeq 3000,FALSE,SEQUENCING,NA,NA,NA,NA,TRUE,,,01/01/1900
SRX2255496,NA,NA,NA,SEQUENCING,SRP091888,Illumina HiSeq 3000,FALSE,SEQUENCING,NA,NA,NA,NA,TRUE,,,01/01/1900
SRX2255497,NA,NA,NA,SEQUENCING,SRP091888,Illumina HiSeq 3000,FALSE,SEQUENCING,NA,NA,NA,NA,TRUE,,,01/01/1900
SRX2255498,NA,NA,NA,SEQUENCING,SRP091888,Illumina HiSeq 3000,FALSE,SEQUENCING,NA,NA,NA,NA,TRUE,,,01/01/1900
SRX2255499,NA,NA,NA,SEQUENCING,SRP091888,Illumina HiSeq 3000,FALSE,SEQUENCING,NA,NA,NA,NA,TRUE,,,01/01/1900
SRX2255500,NA,NA,NA,SEQUENCING,SRP091888,Illumina HiSeq 3000,FALSE,SEQUENCING,NA,NA,NA,NA,TRUE,,,01/01/1900
SRX2255501,NA,NA,NA,SEQUENCING,SRP091888,Illumina HiSeq 3000,FALSE,SEQUENCING,NA,NA,NA,NA,TRUE,,,01/01/1900
SRX2255502,NA,NA,NA,SEQUENCING,SRP091888,Illumina HiSeq 3000,FALSE,SEQUENCING,NA,NA,NA,NA,TRUE,,,01/01/1900
SRX2255503,NA,NA,NA,SEQUENCING,SRP091888,Illumina HiSeq 3000,FALSE,SEQUENCING,NA,NA,NA,NA,TRUE,,,01/01/1900
SRX2255504,NA,NA,NA,SEQUENCING,SRP091888,Illumina HiSeq 3000,FALSE,SEQUENCING,NA,NA,NA,NA,TRUE,,,01/01/1900
SRX2255505,NA,NA,NA,SEQUENCING,SRP091888,Illumina HiSeq 3000,FALSE,SEQUENCING,NA,NA,NA,NA,TRUE,,,01/01/1900
SRX2255506,NA,NA,NA,SEQUENCING,SRP091888,Illumina HiSeq 3000,FALSE,SEQUENCING,NA,NA,NA,NA,TRUE,,,01/01/1900
SRX2255507,NA,NA,NA,SEQUENCING,SRP091888,Illumina HiSeq 3000,FALSE,SEQUENCING,NA,NA,NA,NA,TRUE,,,01/01/1900
SRX2255508,NA,NA,NA,SEQUENCING,SRP091888,Illumina HiSeq 3000,FALSE,SEQUENCING,NA,NA,NA,NA,TRUE,,,01/01/1900
SRX2255509,NA,NA,NA,SEQUENCING,SRP091888,Illumina HiSeq 3000,FALSE,SEQUENCING,NA,NA,NA,NA,TRUE,,,01/01/1900
SRX2267515,NA,NA,NA,SEQUENCING,SRP092016,Illumina HiSeq 4000,FALSE,SEQUENCING,NA,NA,NA,NA,TRUE,,,01/01/1900
SRX2267516,NA,NA,NA,SEQUENCING,SRP092016,Illumina HiSeq 4000,FALSE,SEQUENCING,NA,NA,NA,NA,TRUE,,,01/01/1900
SRX2267517,NA,NA,NA,SEQUENCING,SRP092016,Illumina HiSeq 4000,FALSE,SEQUENCING,NA,NA,NA,NA,TRUE,,,01/01/1900
SRX2267518,NA,NA,NA,SEQUENCING,SRP092016,Illumina HiSeq 4000,FALSE,SEQUENCING,NA,NA,NA,NA,TRUE,,,01/01/1900
SRX254824,NA,NA,NA,SEQUENCING,SRP019960,Illumina HiSeq 2000,FALSE,SEQUENCING,NA,NA,NA,NA,TRUE,,,01/01/1900
SRX254825,NA,NA,NA,SEQUENCING,SRP019960,Illumina HiSeq 2000,FALSE,SEQUENCING,NA,NA,NA,NA,TRUE,,,01/01/1900
SRX254826,NA,NA,NA,SEQUENCING,SRP019960,Illumina HiSeq 2000,FALSE,SEQUENCING,NA,NA,NA,NA,TRUE,,,01/01/1900
SRX254827,NA,NA,NA,SEQUENCING,SRP019960,Illumina HiSeq 2000,FALSE,SEQUENCING,NA,NA,NA,NA,TRUE,,,01/01/1900
SRX254828,NA,NA,NA,SEQUENCING,SRP019960,Illumina HiSeq 2000,FALSE,SEQUENCING,NA,NA,NA,NA,TRUE,,,01/01/1900
SRX254829,NA,NA,NA,SEQUENCING,SRP019960,Illumina HiSeq 2000,FALSE,SEQUENCING,NA,NA,NA,NA,TRUE,,,01/01/1900
SRX254830,NA,NA,NA,SEQUENCING,SRP019960,Illumina HiSeq 2000,FALSE,SEQUENCING,NA,NA,NA,NA,TRUE,,,01/01/1900
SRX254831,NA,NA,NA,SEQUENCING,SRP019960,Illumina HiSeq 2000,FALSE,SEQUENCING,NA,NA,NA,NA,TRUE,,,01/01/1900
SRX271894,NA,NA,NA,SEQUENCING,SRP021514,Illumina HiSeq 2000,FALSE,SEQUENCING,NA,NA,NA,NA,TRUE,,,01/01/1900
SRX271895,NA,NA,NA,SEQUENCING,SRP021514,Illumina HiSeq 2000,FALSE,SEQUENCING,NA,NA,NA,NA,TRUE,,,01/01/1900
SRX271896,NA,NA,NA,SEQUENCING,SRP021514,Illumina HiSeq 2000,FALSE,SEQUENCING,NA,NA,NA,NA,TRUE,,,01/01/1900
SRX271897,NA,NA,NA,SEQUENCING,SRP021514,Illumina HiSeq 2000,FALSE,SEQUENCING,NA,NA,NA,NA,TRUE,,,01/01/1900
SRX271898,NA,NA,NA,SEQUENCING,SRP021514,Illumina HiSeq 2000,FALSE,SEQUENCING,NA,NA,NA,NA,TRUE,,,01/01/1900
SRX271899,NA,NA,NA,SEQUENCING,SRP021514,Illumina HiSeq 2000,FALSE,SEQUENCING,NA,NA,NA,NA,TRUE,,,01/01/1900
SRX271900,NA,NA,NA,SEQUENCING,SRP021514,Illumina HiSeq 2000,FALSE,SEQUENCING,NA,NA,NA,NA,TRUE,,,01/01/1900
SRX271901,NA,NA,NA,SEQUENCING,SRP021514,Illumina HiSeq 2000,FALSE,SEQUENCING,NA,NA,NA,NA,TRUE,,,01/01/1900
SRX271902,NA,NA,NA,SEQUENCING,SRP021514,Illumina HiSeq 2000,FALSE,SEQUENCING,NA,NA,NA,NA,TRUE,,,01/01/1900
SRX272050,NA,NA,NA,SEQUENCING,SRP021526,Illumina HiSeq 2000,FALSE,SEQUENCING,NA,NA,NA,NA,TRUE,,,01/01/1900
SRX272051,NA,NA,NA,SEQUENCING,SRP021526,Illumina HiSeq 2000,FALSE,SEQUENCING,NA,NA,NA,NA,TRUE,,,01/01/1900
SRX272052,NA,NA,NA,SEQUENCING,SRP021526,Illumina HiSeq 2000,FALSE,SEQUENCING,NA,NA,NA,NA,TRUE,,,01/01/1900
SRX272053,NA,NA,NA,SEQUENCING,SRP021526,Illumina HiSeq 2000,FALSE,SEQUENCING,NA,NA,NA,NA,TRUE,,,01/01/1900
SRX272054,NA,NA,NA,SEQUENCING,SRP021526,Illumina HiSeq 2000,FALSE,SEQUENCING,NA,NA,NA,NA,TRUE,,,01/01/1900
SRX272055,NA,NA,NA,SEQUENCING,SRP021526,Illumina HiSeq 2000,FALSE,SEQUENCING,NA,NA,NA,NA,TRUE,,,01/01/1900
SRX334181,NA,NA,NA,SEQUENCING,SRP028811,Illumina HiSeq 2000,FALSE,SEQUENCING,NA,NA,NA,NA,TRUE,,,01/01/1900
SRX334182,NA,NA,NA,SEQUENCING,SRP028811,Illumina HiSeq 2000,FALSE,SEQUENCING,NA,NA,NA,NA,TRUE,,,01/01/1900
SRX334183,NA,NA,NA,SEQUENCING,SRP028811,Illumina HiSeq 2000,FALSE,SEQUENCING,NA,NA,NA,NA,TRUE,,,01/01/1900
SRX334184,NA,NA,NA,SEQUENCING,SRP028811,Illumina HiSeq 2000,FALSE,SEQUENCING,NA,NA,NA,NA,TRUE,,,01/01/1900
SRX334185,NA,NA,NA,SEQUENCING,SRP028811,Illumina HiSeq 2000,FALSE,SEQUENCING,NA,NA,NA,NA,TRUE,,,01/01/1900
SRX334186,NA,NA,NA,SEQUENCING,SRP028811,Illumina HiSeq 2000,FALSE,SEQUENCING,NA,NA,NA,NA,TRUE,,,01/01/1900
SRX334187,NA,NA,NA,SEQUENCING,SRP028811,Illumina HiSeq 2000,FALSE,SEQUENCING,NA,NA,NA,NA,TRUE,,,01/01/1900
SRX334188,NA,NA,NA,SEQUENCING,SRP028811,Illumina HiSeq 2000,FALSE,SEQUENCING,NA,NA,NA,NA,TRUE,,,01/01/1900
SRX334189,NA,NA,NA,SEQUENCING,SRP028811,Illumina HiSeq 2000,FALSE,SEQUENCING,NA,NA,NA,NA,TRUE,,,01/01/1900
SRX334190,NA,NA,NA,SEQUENCING,SRP028811,Illumina HiSeq 2000,FALSE,SEQUENCING,NA,NA,NA,NA,TRUE,,,01/01/1900
SRX334191,NA,NA,NA,SEQUENCING,SRP028811,Illumina HiSeq 2000,FALSE,SEQUENCING,NA,NA,NA,NA,TRUE,,,01/01/1900
SRX334192,NA,NA,NA,SEQUENCING,SRP028811,Illumina HiSeq 2000,FALSE,SEQUENCING,NA,NA,NA,NA,TRUE,,,01/01/1900
SRX334193,NA,NA,NA,SEQUENCING,SRP028811,Illumina HiSeq 2000,FALSE,SEQUENCING,NA,NA,NA,NA,TRUE,,,01/01/1900
SRX334194,NA,NA,NA,SEQUENCING,SRP028811,Illumina HiSeq 2000,FALSE,SEQUENCING,NA,NA,NA,NA,TRUE,,,01/01/1900
SRX334195,NA,NA,NA,SEQUENCING,SRP028811,Illumina HiSeq 2000,FALSE,SEQUENCING,NA,NA,NA,NA,TRUE,,,01/01/1900
SRX334196,NA,NA,NA,SEQUENCING,SRP028811,Illumina HiSeq 2000,FALSE,SEQUENCING,NA,NA,NA,NA,TRUE,,,01/01/1900
SRX334197,NA,NA,NA,SEQUENCING,SRP028811,Illumina HiSeq 2000,FALSE,SEQUENCING,NA,NA,NA,NA,TRUE,,,01/01/1900
SRX334198,NA,NA,NA,SEQUENCING,SRP028811,Illumina HiSeq 2000,FALSE,SEQUENCING,NA,NA,NA,NA,TRUE,,,01/01/1900
SRX334199,NA,NA,NA,SEQUENCING,SRP028811,Illumina HiSeq 2000,FALSE,SEQUENCING,NA,NA,NA,NA,TRUE,,,01/01/1900
SRX334200,NA,NA,NA,SEQUENCING,SRP028811,Illumina HiSeq 2000,FALSE,SEQUENCING,NA,NA,NA,NA,TRUE,,,01/01/1900
SRX334201,NA,NA,NA,SEQUENCING,SRP028811,Illumina HiSeq 2000,FALSE,SEQUENCING,NA,NA,NA,NA,TRUE,,,01/01/1900
SRX334202,NA,NA,NA,SEQUENCING,SRP028811,Illumina HiSeq 2000,FALSE,SEQUENCING,NA,NA,NA,NA,TRUE,,,01/01/1900
SRX334203,NA,NA,NA,SEQUENCING,SRP028811,Illumina HiSeq 2000,FALSE,SEQUENCING,NA,NA,NA,NA,TRUE,,,01/01/1900
SRX334204,NA,NA,NA,SEQUENCING,SRP028811,Illumina HiSeq 2000,FALSE,SEQUENCING,NA,NA,NA,NA,TRUE,,,01/01/1900
SRX334205,NA,NA,NA,SEQUENCING,SRP028811,Illumina HiSeq 2000,FALSE,SEQUENCING,NA,NA,NA,NA,TRUE,,,01/01/1900
SRX334206,NA,NA,NA,SEQUENCING,SRP028811,Illumina HiSeq 2000,FALSE,SEQUENCING,NA,NA,NA,NA,TRUE,,,01/01/1900
SRX334207,NA,NA,NA,SEQUENCING,SRP028811,Illumina HiSeq 2000,FALSE,SEQUENCING,NA,NA,NA,NA,TRUE,,,01/01/1900
SRX334208,NA,NA,NA,SEQUENCING,SRP028811,Illumina HiSeq 2000,FALSE,SEQUENCING,NA,NA,NA,NA,TRUE,,,01/01/1900
SRX334209,NA,NA,NA,SEQUENCING,SRP028811,Illumina HiSeq 2000,FALSE,SEQUENCING,NA,NA,NA,NA,TRUE,,,01/01/1900
SRX334210,NA,NA,NA,SEQUENCING,SRP028811,Illumina HiSeq 2000,FALSE,SEQUENCING,NA,NA,NA,NA,TRUE,,,01/01/1900
SRX334211,NA,NA,NA,SEQUENCING,SRP028811,Illumina HiSeq 2000,FALSE,SEQUENCING,NA,NA,NA,NA,TRUE,,,01/01/1900
SRX334212,NA,NA,NA,SEQUENCING,SRP028811,Illumina HiSeq 2000,FALSE,SEQUENCING,NA,NA,NA,NA,TRUE,,,01/01/1900
SRX334213,NA,NA,NA,SEQUENCING,SRP028811,Illumina HiSeq 2000,FALSE,SEQUENCING,NA,NA,NA,NA,TRUE,,,01/01/1900
SRX334214,NA,NA,NA,SEQUENCING,SRP028811,Illumina HiSeq 2000,FALSE,SEQUENCING,NA,NA,NA,NA,TRUE,,,01/01/1900
SRX347205,NA,NA,NA,SEQUENCING,SRP029710,Illumina HiSeq 2500,FALSE,SEQUENCING,NA,NA,NA,NA,TRUE,,,01/01/1900
SRX472912,NA,NA,NA,SEQUENCING,SRP037769,Illumina HiSeq 2000,FALSE,SEQUENCING,NA,NA,NA,NA,TRUE,,,01/01/1900
SRX472917,NA,NA,NA,SEQUENCING,SRP037769,Illumina HiSeq 2000,FALSE,SEQUENCING,NA,NA,NA,NA,TRUE,,,01/01/1900
SRX472922,NA,NA,NA,SEQUENCING,SRP037769,Illumina HiSeq 2000,FALSE,SEQUENCING,NA,NA,NA,NA,TRUE,,,01/01/1900
SRX472931,NA,NA,NA,SEQUENCING,SRP037769,Illumina HiSeq 2000,FALSE,SEQUENCING,NA,NA,NA,NA,TRUE,,,01/01/1900
SRX472947,NA,NA,NA,SEQUENCING,SRP037769,Illumina HiSeq 2000,FALSE,SEQUENCING,NA,NA,NA,NA,TRUE,,,01/01/1900
SRX472991,NA,NA,NA,SEQUENCING,SRP037769,Illumina HiSeq 2000,FALSE,SEQUENCING,NA,NA,NA,NA,TRUE,,,01/01/1900
SRX646339,NA,NA,NA,SEQUENCING,SRP044074,Illumina HiSeq 2000,FALSE,SEQUENCING,NA,NA,NA,NA,TRUE,,,01/01/1900
SRX666587,NA,NA,NA,SEQUENCING,SRP045115,Illumina HiSeq 2000,FALSE,SEQUENCING,NA,NA,NA,NA,TRUE,,,01/01/1900
SRX666588,NA,NA,NA,SEQUENCING,SRP045115,Illumina HiSeq 2000,FALSE,SEQUENCING,NA,NA,NA,NA,TRUE,,,01/01/1900
SRX666589,NA,NA,NA,SEQUENCING,SRP045115,Illumina HiSeq 2000,FALSE,SEQUENCING,NA,NA,NA,NA,TRUE,,,01/01/1900
SRX666590,NA,NA,NA,SEQUENCING,SRP045115,Illumina HiSeq 2000,FALSE,SEQUENCING,NA,NA,NA,NA,TRUE,,,01/01/1900
SRX666591,NA,NA,NA,SEQUENCING,SRP045115,Illumina HiSeq 2000,FALSE,SEQUENCING,NA,NA,NA,NA,TRUE,,,01/01/1900
SRX709614,NA,NA,NA,SEQUENCING,SRP047460,Illumina HiSeq 2000,FALSE,SEQUENCING,NA,NA,NA,NA,TRUE,,,01/01/1900
SRX709615,NA,NA,NA,SEQUENCING,SRP047460,Illumina HiSeq 2000,FALSE,SEQUENCING,NA,NA,NA,NA,TRUE,,,01/01/1900
SRX709616,NA,NA,NA,SEQUENCING,SRP047460,Illumina HiSeq 2000,FALSE,SEQUENCING,NA,NA,NA,NA,TRUE,,,01/01/1900
SRX709617,NA,NA,NA,SEQUENCING,SRP047460,Illumina HiSeq 2000,FALSE,SEQUENCING,NA,NA,NA,NA,TRUE,,,01/01/1900
SRX709618,NA,NA,NA,SEQUENCING,SRP047460,Illumina HiSeq 2000,FALSE,SEQUENCING,NA,NA,NA,NA,TRUE,,,01/01/1900
SRX709619,NA,NA,NA,SEQUENCING,SRP047460,Illumina HiSeq 2000,FALSE,SEQUENCING,NA,NA,NA,NA,TRUE,,,01/01/1900
SRX709620,NA,NA,NA,SEQUENCING,SRP047460,Illumina HiSeq 2000,FALSE,SEQUENCING,NA,NA,NA,NA,TRUE,,,01/01/1900
SRX709621,NA,NA,NA,SEQUENCING,SRP047460,Illumina HiSeq 2000,FALSE,SEQUENCING,NA,NA,NA,NA,TRUE,,,01/01/1900
SRX709622,NA,NA,NA,SEQUENCING,SRP047460,Illumina HiSeq 2000,FALSE,SEQUENCING,NA,NA,NA,NA,TRUE,,,01/01/1900
SRX709623,NA,NA,NA,SEQUENCING,SRP047460,Illumina HiSeq 2000,FALSE,SEQUENCING,NA,NA,NA,NA,TRUE,,,01/01/1900
SRX751154,NA,NA,NA,SEQUENCING,SRP049525,Illumina HiSeq 2000,FALSE,SEQUENCING,NA,NA,NA,NA,TRUE,,,01/01/1900
SRX751155,NA,NA,NA,SEQUENCING,SRP049525,Illumina HiSeq 2000,FALSE,SEQUENCING,NA,NA,NA,NA,TRUE,,,01/01/1900
SRX751156,NA,NA,NA,SEQUENCING,SRP049525,Illumina HiSeq 2000,FALSE,SEQUENCING,NA,NA,NA,NA,TRUE,,,01/01/1900
SRX751157,NA,NA,NA,SEQUENCING,SRP049525,Illumina HiSeq 2000,FALSE,SEQUENCING,NA,NA,NA,NA,TRUE,,,01/01/1900
SRX751158,NA,NA,NA,SEQUENCING,SRP049525,Illumina HiSeq 2000,FALSE,SEQUENCING,NA,NA,NA,NA,TRUE,,,01/01/1900
SRX751159,NA,NA,NA,SEQUENCING,SRP049525,Illumina HiSeq 2000,FALSE,SEQUENCING,NA,NA,NA,NA,TRUE,,,01/01/1900
SRX751160,NA,NA,NA,SEQUENCING,SRP049525,Illumina HiSeq 2000,FALSE,SEQUENCING,NA,NA,NA,NA,TRUE,,,01/01/1900
SRX751161,NA,NA,NA,SEQUENCING,SRP049525,Illumina HiSeq 2000,FALSE,SEQUENCING,NA,NA,NA,NA,TRUE,,,01/01/1900
SRX751162,NA,NA,NA,SEQUENCING,SRP049525,Illumina HiSeq 2000,FALSE,SEQUENCING,NA,NA,NA,NA,TRUE,,,01/01/1900
SRX751163,NA,NA,NA,SEQUENCING,SRP049525,Illumina HiSeq 2000,FALSE,SEQUENCING,NA,NA,NA,NA,TRUE,,,01/01/1900
SRX751164,NA,NA,NA,SEQUENCING,SRP049525,Illumina HiSeq 2000,FALSE,SEQUENCING,NA,NA,NA,NA,TRUE,,,01/01/1900
SRX751165,NA,NA,NA,SEQUENCING,SRP049525,Illumina HiSeq 2000,FALSE,SEQUENCING,NA,NA,NA,NA,TRUE,,,01/01/1900
SRX751166,NA,NA,NA,SEQUENCING,SRP049525,Illumina HiSeq 2000,FALSE,SEQUENCING,NA,NA,NA,NA,TRUE,,,01/01/1900
SRX751167,NA,NA,NA,SEQUENCING,SRP049525,Illumina HiSeq 2000,FALSE,SEQUENCING,NA,NA,NA,NA,TRUE,,,01/01/1900
SRX751168,NA,NA,NA,SEQUENCING,SRP049525,Illumina HiSeq 2000,FALSE,SEQUENCING,NA,NA,NA,NA,TRUE,,,01/01/1900
SRX751169,NA,NA,NA,SEQUENCING,SRP049525,Illumina HiSeq 2000,FALSE,SEQUENCING,NA,NA,NA,NA,TRUE,,,01/01/1900
SRX751170,NA,NA,NA,SEQUENCING,SRP049525,Illumina HiSeq 2000,FALSE,SEQUENCING,NA,NA,NA,NA,TRUE,,,01/01/1900
SRX751171,NA,NA,NA,SEQUENCING,SRP049525,Illumina HiSeq 2000,FALSE,SEQUENCING,NA,NA,NA,NA,TRUE,,,01/01/1900
SRX751172,NA,NA,NA,SEQUENCING,SRP049525,Illumina HiSeq 2000,FALSE,SEQUENCING,NA,NA,NA,NA,TRUE,,,01/01/1900
SRX751173,NA,NA,NA,SEQUENCING,SRP049525,Illumina HiSeq 2000,FALSE,SEQUENCING,NA,NA,NA,NA,TRUE,,,01/01/1900
SRX863762,NA,NA,NA,SEQUENCING,SRP053056,Illumina HiSeq 2500,FALSE,SEQUENCING,NA,NA,NA,NA,TRUE,,,01/01/1900
SRX868585,NA,NA,NA,SEQUENCING,SRP053305,Illumina HiSeq 2000,FALSE,SEQUENCING,NA,NA,NA,NA,TRUE,,,01/01/1900
SRX868586,NA,NA,NA,SEQUENCING,SRP053305,Illumina HiSeq 2000,FALSE,SEQUENCING,NA,NA,NA,NA,TRUE,,,01/01/1900
SRX868587,NA,NA,NA,SEQUENCING,SRP053305,Illumina HiSeq 2000,FALSE,SEQUENCING,NA,NA,NA,NA,TRUE,,,01/01/1900
SRX868588,NA,NA,NA,SEQUENCING,SRP053305,Illumina HiSeq 2000,FALSE,SEQUENCING,NA,NA,NA,NA,TRUE,,,01/01/1900
SRX868589,NA,NA,NA,SEQUENCING,SRP053305,Illumina HiSeq 2000,FALSE,SEQUENCING,NA,NA,NA,NA,TRUE,,,01/01/1900
SRX868590,NA,NA,NA,SEQUENCING,SRP053305,Illumina HiSeq 2000,FALSE,SEQUENCING,NA,NA,NA,NA,TRUE,,,01/01/1900
SRX868591,NA,NA,NA,SEQUENCING,SRP053305,Illumina HiSeq 2000,FALSE,SEQUENCING,NA,NA,NA,NA,TRUE,,,01/01/1900
SRX868592,NA,NA,NA,SEQUENCING,SRP053305,Illumina HiSeq 2000,FALSE,SEQUENCING,NA,NA,NA,NA,TRUE,,,01/01/1900
SRX868593,NA,NA,NA,SEQUENCING,SRP053305,Illumina HiSeq 2000,FALSE,SEQUENCING,NA,NA,NA,NA,TRUE,,,01/01/1900
SRX957042,NA,NA,NA,SEQUENCING,SRP056184,Illumina HiSeq 2000,FALSE,SEQUENCING,NA,NA,NA,NA,TRUE,,,01/01/1900
SRX974437,NA,NA,NA,SEQUENCING,SRP056892,Illumina HiSeq 2000,FALSE,SEQUENCING,NA,NA,NA,NA,TRUE,,,01/01/1900
SRX976341,NA,NA,NA,SEQUENCING,SRP056892,Illumina HiSeq 2000,FALSE,SEQUENCING,NA,NA,NA,NA,TRUE,,,01/01/1900
SRX976427,NA,NA,NA,SEQUENCING,SRP056892,Illumina MiSeq,FALSE,SEQUENCING,NA,NA,NA,NA,TRUE,,,01/01/1900
SRX976468,NA,NA,NA,SEQUENCING,SRP056892,Illumina HiSeq 2000,FALSE,SEQUENCING,NA,NA,NA,NA,TRUE,,,01/01/1900
SRX976469,NA,NA,NA,SEQUENCING,SRP056892,Illumina HiSeq 2000,FALSE,SEQUENCING,NA,NA,NA,NA,TRUE,,,01/01/1900
SRX976470,NA,NA,NA,SEQUENCING,SRP056892,Illumina HiSeq 2000,FALSE,SEQUENCING,NA,NA,NA,NA,TRUE,,,01/01/1900
SRX976471,NA,NA,NA,SEQUENCING,SRP056892,Illumina HiSeq 2000,FALSE,SEQUENCING,NA,NA,NA,NA,TRUE,,,01/01/1900
SRX976473,NA,NA,NA,SEQUENCING,SRP056892,Illumina HiSeq 2000,FALSE,SEQUENCING,NA,NA,NA,NA,TRUE,,,01/01/1900
SRX976476,NA,NA,NA,SEQUENCING,SRP056892,Illumina HiSeq 2000,FALSE,SEQUENCING,NA,NA,NA,NA,TRUE,,,01/01/1900
SRX986573,NA,NA,NA,SEQUENCING,SRP057064,Illumina HiSeq 2000,FALSE,SEQUENCING,NA,NA,NA,NA,TRUE,,,01/01/1900
SRX986574,NA,NA,NA,SEQUENCING,SRP057064,Illumina HiSeq 2000,FALSE,SEQUENCING,NA,NA,NA,NA,TRUE,,,01/01/1900
SRX986575,NA,NA,NA,SEQUENCING,SRP057064,Illumina HiSeq 2000,FALSE,SEQUENCING,NA,NA,NA,NA,TRUE,,,01/01/1900
SRX986576,NA,NA,NA,SEQUENCING,SRP057064,Illumina HiSeq 2000,FALSE,SEQUENCING,NA,NA,NA,NA,TRUE,,,01/01/1900
SRX986577,NA,NA,NA,SEQUENCING,SRP057064,Illumina HiSeq 2000,FALSE,SEQUENCING,NA,NA,NA,NA,TRUE,,,01/01/1900
SRX986578,NA,NA,NA,SEQUENCING,SRP057064,Illumina HiSeq 2000,FALSE,SEQUENCING,NA,NA,NA,NA,TRUE,,,01/01/1900
SRX986579,NA,NA,NA,SEQUENCING,SRP057064,Illumina HiSeq 2000,FALSE,SEQUENCING,NA,NA,NA,NA,TRUE,,,01/01/1900
SRX986580,NA,NA,NA,SEQUENCING,SRP057064,Illumina HiSeq 2000,FALSE,SEQUENCING,NA,NA,NA,NA,TRUE,,,01/01/1900
SRX986581,NA,NA,NA,SEQUENCING,SRP057064,Illumina HiSeq 2000,FALSE,SEQUENCING,NA,NA,NA,NA,TRUE,,,01/01/1900
SRX986582,NA,NA,NA,SEQUENCING,SRP057064,Illumina HiSeq 2000,FALSE,SEQUENCING,NA,NA,NA,NA,TRUE,,,01/01/1900
SRX986583,NA,NA,NA,SEQUENCING,SRP057064,Illumina HiSeq 2000,FALSE,SEQUENCING,NA,NA,NA,NA,TRUE,,,01/01/1900
SRX986584,NA,NA,NA,SEQUENCING,SRP057064,Illumina HiSeq 2000,FALSE,SEQUENCING,NA,NA,NA,NA,TRUE,,,01/01/1900
SRX986585,NA,NA,NA,SEQUENCING,SRP057064,Illumina HiSeq 2000,FALSE,SEQUENCING,NA,NA,NA,NA,TRUE,,,01/01/1900
SRX986586,NA,NA,NA,SEQUENCING,SRP057064,Illumina HiSeq 2000,FALSE,SEQUENCING,NA,NA,NA,NA,TRUE,,,01/01/1900
SRX986587,NA,NA,NA,SEQUENCING,SRP057064,Illumina HiSeq 2000,FALSE,SEQUENCING,NA,NA,NA,NA,TRUE,,,01/01/1900
SRX986588,NA,NA,NA,SEQUENCING,SRP057064,Illumina HiSeq 2000,FALSE,SEQUENCING,NA,NA,NA,NA,TRUE,,,01/01/1900
SRX986589,NA,NA,NA,SEQUENCING,SRP057064,Illumina HiSeq 2000,FALSE,SEQUENCING,NA,NA,NA,NA,TRUE,,,01/01/1900
SRX986590,NA,NA,NA,SEQUENCING,SRP057064,Illumina HiSeq 2000,FALSE,SEQUENCING,NA,NA,NA,NA,TRUE,,,01/01/1900
SRX986591,NA,NA,NA,SEQUENCING,SRP057064,Illumina HiSeq 2000,FALSE,SEQUENCING,NA,NA,NA,NA,TRUE,,,01/01/1900
SRX986592,NA,NA,NA,SEQUENCING,SRP057064,Illumina HiSeq 2000,FALSE,SEQUENCING,NA,NA,NA,NA,TRUE,,,01/01/1900
SRX986593,NA,NA,NA,SEQUENCING,SRP057064,Illumina HiSeq 2000,FALSE,SEQUENCING,NA,NA,NA,NA,TRUE,,,01/01/1900
SRX986594,NA,NA,NA,SEQUENCING,SRP057064,Illumina HiSeq 2000,FALSE,SEQUENCING,NA,NA,NA,NA,TRUE,,,01/01/1900
SRX986595,NA,NA,NA,SEQUENCING,SRP057064,Illumina HiSeq 2000,FALSE,SEQUENCING,NA,NA,NA,NA,TRUE,,,01/01/1900
SRX986596,NA,NA,NA,SEQUENCING,SRP057064,Illumina HiSeq 2000,FALSE,SEQUENCING,NA,NA,NA,NA,TRUE,,,01/01/1900
SRX986623,NA,NA,NA,SEQUENCING,SRP057066,NextSeq 500,FALSE,SEQUENCING,NA,NA,NA,NA,TRUE,,,01/01/1900
SRX986624,NA,NA,NA,SEQUENCING,SRP057066,NextSeq 500,FALSE,SEQUENCING,NA,NA,NA,NA,TRUE,,,01/01/1900
SRX995842,NA,NA,NA,SEQUENCING,SRP057195,Illumina HiSeq 2000,FALSE,SEQUENCING,NA,NA,NA,NA,TRUE,,,01/01/1900
SRX995843,NA,NA,NA,SEQUENCING,SRP057195,Illumina HiSeq 2000,FALSE,SEQUENCING,NA,NA,NA,NA,TRUE,,,01/01/1900
SRX997348,NA,NA,NA,SEQUENCING,SRP057248,Illumina MiSeq,FALSE,SEQUENCING,NA,NA,NA,NA,TRUE,,,01/01/1900
SRX997349,NA,NA,NA,SEQUENCING,SRP057248,Illumina MiSeq,FALSE,SEQUENCING,NA,NA,NA,NA,TRUE,,,01/01/1900
SRX997350,NA,NA,NA,SEQUENCING,SRP057248,Illumina MiSeq,FALSE,SEQUENCING,NA,NA,NA,NA,TRUE,,,01/01/1900
SRX997351,NA,NA,NA,SEQUENCING,SRP057248,Illumina MiSeq,FALSE,SEQUENCING,NA,NA,NA,NA,TRUE,,,01/01/1900
SRX997352,NA,NA,NA,SEQUENCING,SRP057248,Illumina MiSeq,FALSE,SEQUENCING,NA,NA,NA,NA,TRUE,,,01/01/1900
SRX997353,NA,NA,NA,SEQUENCING,SRP057248,Illumina MiSeq,FALSE,SEQUENCING,NA,NA,NA,NA,TRUE,,,01/01/1900
SRX997354,NA,NA,NA,SEQUENCING,SRP057248,Illumina MiSeq,FALSE,SEQUENCING,NA,NA,NA,NA,TRUE,,,01/01/1900
SRX997356,NA,NA,NA,SEQUENCING,SRP057248,Illumina MiSeq,FALSE,SEQUENCING,NA,NA,NA,NA,TRUE,,,01/01/1900
SRX997357,NA,NA,NA,SEQUENCING,SRP057248,Illumina HiSeq 2000,FALSE,SEQUENCING,NA,NA,NA,NA,TRUE,,,01/01/1900
SRX997358,NA,NA,NA,SEQUENCING,SRP057248,Illumina HiSeq 2000,FALSE,SEQUENCING,NA,NA,NA,NA,TRUE,,,01/01/1900
SRX997359,NA,NA,NA,SEQUENCING,SRP057248,Illumina HiSeq 2000,FALSE,SEQUENCING,NA,NA,NA,NA,TRUE,,,01/01/1900
SRX997360,NA,NA,NA,SEQUENCING,SRP057248,Illumina HiSeq 2000,FALSE,SEQUENCING,NA,NA,NA,NA,TRUE,,,01/01/1900
SRX997361,NA,NA,NA,SEQUENCING,SRP057249,Illumina HiSeq 2000,FALSE,SEQUENCING,NA,NA,NA,NA,TRUE,,,01/01/1900
SRX997362,NA,NA,NA,SEQUENCING,SRP057249,Illumina HiSeq 2000,FALSE,SEQUENCING,NA,NA,NA,NA,TRUE,,,01/01/1900
SRX997363,NA,NA,NA,SEQUENCING,SRP057249,Illumina HiSeq 2000,FALSE,SEQUENCING,NA,NA,NA,NA,TRUE,,,01/01/1900
SRX997364,NA,NA,NA,SEQUENCING,SRP057249,Illumina HiSeq 2000,FALSE,SEQUENCING,NA,NA,NA,NA,TRUE,,,01/01/1900
SRX997365,NA,NA,NA,SEQUENCING,SRP057249,Illumina HiSeq 2000,FALSE,SEQUENCING,NA,NA,NA,NA,TRUE,,,01/01/1900
SRX997366,NA,NA,NA,SEQUENCING,SRP057249,Illumina HiSeq 2000,FALSE,SEQUENCING,NA,NA,NA,NA,TRUE,,,01/01/1900
SRX997367,NA,NA,NA,SEQUENCING,SRP057249,Illumina HiSeq 2000,FALSE,SEQUENCING,NA,NA,NA,NA,TRUE,,,01/01/1900
SRX997368,NA,NA,NA,SEQUENCING,SRP057249,Illumina HiSeq 2000,FALSE,SEQUENCING,NA,NA,NA,NA,TRUE,,,01/01/1900
